Time,FLOW
2009-01-01 00:00:00,3.560861
2009-01-02 00:00:00,6.162997
2009-01-03 00:00:00,3.826635
2009-01-04 00:00:00,5.397271
2009-01-05 00:00:00,5.417987
2009-01-06 00:00:00,3.886593
2009-01-07 00:00:00,5.806259
2009-01-08 00:00:00,5.65432
2009-01-09 00:00:00,4.725836
2009-01-10 00:00:00,5.821722
2009-01-11 00:00:00,5.724123
2009-01-12 00:00:00,5.495776
2009-01-13 00:00:00,5.473368
2009-01-14 00:00:00,5.513825
2009-01-15 00:00:00,2.666219
2009-01-16 00:00:00,5.319632
2009-01-17 00:00:00,4.022944
2009-01-18 00:00:00,5.130718
2009-01-19 00:00:00,3.868285
2009-01-20 00:00:00,5.004811
2009-01-21 00:00:00,4.917464
2009-01-22 00:00:00,4.83761
2009-01-23 00:00:00,4.760707
2009-01-24 00:00:00,4.674376
2009-01-25 00:00:00,4.610757
2009-01-26 00:00:00,4.55284
2009-01-27 00:00:00,4.491074
2009-01-28 00:00:00,4.436975
2009-01-29 00:00:00,4.38902
2009-01-30 00:00:00,4.337364
2009-01-31 00:00:00,4.172592
2009-02-01 00:00:00,3.854559
2009-02-02 00:00:00,4.336074
2009-02-03 00:00:00,3.881838
2009-02-04 00:00:00,3.823281
2009-02-05 00:00:00,4.185001
2009-02-06 00:00:00,4.435306
2009-02-07 00:00:00,4.992369
2009-02-08 00:00:00,4.609636
2009-02-09 00:00:00,6.40333
2009-02-10 00:00:00,9.732212
2009-02-11 00:00:00,8.861111
2009-02-12 00:00:00,9.25968
2009-02-13 00:00:00,8.055515
2009-02-14 00:00:00,6.09657
2009-02-15 00:00:00,6.838623
2009-02-16 00:00:00,9.615687
2009-02-17 00:00:00,7.51986
2009-02-18 00:00:00,9.507784
2009-02-19 00:00:00,9.718759
2009-02-20 00:00:00,9.452322
2009-02-21 00:00:00,9.455978
2009-02-22 00:00:00,9.410849
2009-02-23 00:00:00,9.17491
2009-02-24 00:00:00,8.920261
2009-02-25 00:00:00,9.557248
2009-02-26 00:00:00,11.254006
2009-02-27 00:00:00,11.818535
2009-02-28 00:00:00,11.812815
2009-03-01 00:00:00,11.930987
2009-03-02 00:00:00,11.864092
2009-03-03 00:00:00,11.680124
2009-03-04 00:00:00,11.514287
2009-03-05 00:00:00,11.324533
2009-03-06 00:00:00,11.147559
2009-03-07 00:00:00,13.149504
2009-03-08 00:00:00,16.028492
2009-03-09 00:00:00,17.093166
2009-03-10 00:00:00,19.496698
2009-03-11 00:00:00,19.789124
2009-03-12 00:00:00,17.243124
2009-03-13 00:00:00,18.10782
2009-03-14 00:00:00,16.971444
2009-03-15 00:00:00,17.136262
2009-03-16 00:00:00,18.656397
2009-03-17 00:00:00,16.901973
2009-03-18 00:00:00,15.143201
2009-03-19 00:00:00,14.841644
2009-03-20 00:00:00,14.576134
2009-03-21 00:00:00,15.494476
2009-03-22 00:00:00,14.791603
2009-03-23 00:00:00,14.69422
2009-03-24 00:00:00,20.006225
2009-03-25 00:00:00,21.339044
2009-03-26 00:00:00,21.722697
2009-03-27 00:00:00,21.927685
2009-03-28 00:00:00,21.995458
2009-03-29 00:00:00,22.570166
2009-03-30 00:00:00,22.234326
2009-03-31 00:00:00,23.043452
2009-04-01 00:00:00,22.803447
2009-04-02 00:00:00,22.291571
2009-04-03 00:00:00,21.768415
2009-04-04 00:00:00,20.994959
2009-04-05 00:00:00,19.120068
2009-04-06 00:00:00,15.635553
2009-04-07 00:00:00,18.010841
2009-04-08 00:00:00,17.255604
2009-04-09 00:00:00,14.915113
2009-04-10 00:00:00,14.11626
2009-04-11 00:00:00,13.299849
2009-04-12 00:00:00,13.988297
2009-04-13 00:00:00,10.419641
2009-04-14 00:00:00,12.801508
2009-04-15 00:00:00,10.382398
2009-04-16 00:00:00,11.005432
2009-04-17 00:00:00,11.424693
2009-04-18 00:00:00,10.738049
2009-04-19 00:00:00,11.113821
2009-04-20 00:00:00,9.915077
2009-04-21 00:00:00,10.081756
2009-04-22 00:00:00,9.484895
2009-04-23 00:00:00,11.632346
2009-04-24 00:00:00,11.337715
2009-04-25 00:00:00,14.676144
2009-04-26 00:00:00,18.921433
2009-04-27 00:00:00,19.351479
2009-04-28 00:00:00,20.301585
2009-04-29 00:00:00,20.533698
2009-04-30 00:00:00,21.535016
2009-05-01 00:00:00,21.1418
2009-05-02 00:00:00,19.587349
2009-05-03 00:00:00,17.829451
2009-05-04 00:00:00,17.489407
2009-05-05 00:00:00,19.130629
2009-05-06 00:00:00,19.1111
2009-05-07 00:00:00,19.962401
2009-05-08 00:00:00,20.130088
2009-05-09 00:00:00,21.954162
2009-05-10 00:00:00,17.811485
2009-05-11 00:00:00,20.937495
2009-05-12 00:00:00,20.393393
2009-05-13 00:00:00,21.997154
2009-05-14 00:00:00,23.268998
2009-05-15 00:00:00,17.760977
2009-05-16 00:00:00,19.239406
2009-05-17 00:00:00,20.690753
2009-05-18 00:00:00,20.664959
2009-05-19 00:00:00,20.906275
2009-05-20 00:00:00,19.99769
2009-05-21 00:00:00,18.99941
2009-05-22 00:00:00,18.235149
2009-05-23 00:00:00,15.259828
2009-05-24 00:00:00,17.174832
2009-05-25 00:00:00,16.202698
2009-05-26 00:00:00,15.61083
2009-05-27 00:00:00,16.235879
2009-05-28 00:00:00,15.749368
2009-05-29 00:00:00,15.047837
2009-05-30 00:00:00,14.278006
2009-05-31 00:00:00,13.602747
2009-06-01 00:00:00,13.117841
2009-06-02 00:00:00,12.392538
2009-06-03 00:00:00,11.884237
2009-06-04 00:00:00,11.2749
2009-06-05 00:00:00,10.618034
2009-06-06 00:00:00,9.954974
2009-06-07 00:00:00,10.767426
2009-06-08 00:00:00,12.90907
2009-06-09 00:00:00,12.310446
2009-06-10 00:00:00,11.941983
2009-06-11 00:00:00,11.818889
2009-06-12 00:00:00,11.625504
2009-06-13 00:00:00,11.400738
2009-06-14 00:00:00,10.861402
2009-06-15 00:00:00,10.901424
2009-06-16 00:00:00,10.428183
2009-06-17 00:00:00,10.353952
2009-06-18 00:00:00,11.396059
2009-06-19 00:00:00,14.701513
2009-06-20 00:00:00,14.897167
2009-06-21 00:00:00,14.889211
2009-06-22 00:00:00,15.148767
2009-06-23 00:00:00,14.83234
2009-06-24 00:00:00,14.324359
2009-06-25 00:00:00,10.846859
2009-06-26 00:00:00,13.342693
2009-06-27 00:00:00,10.152836
2009-06-28 00:00:00,9.754755
2009-06-29 00:00:00,11.001296
2009-06-30 00:00:00,11.393051
2009-07-01 00:00:00,11.005683
2009-07-02 00:00:00,10.625025
2009-07-03 00:00:00,10.146003
2009-07-04 00:00:00,9.543394
2009-07-05 00:00:00,8.527217
2009-07-06 00:00:00,8.689004
2009-07-07 00:00:00,8.120329
2009-07-08 00:00:00,7.638775
2009-07-09 00:00:00,7.446858
2009-07-10 00:00:00,7.542913
2009-07-11 00:00:00,7.698444
2009-07-12 00:00:00,4.286471
2009-07-13 00:00:00,6.786956
2009-07-14 00:00:00,6.40361
2009-07-15 00:00:00,4.768971
2009-07-16 00:00:00,5.817503
2009-07-17 00:00:00,5.712671
2009-07-18 00:00:00,5.728845
2009-07-19 00:00:00,5.545644
2009-07-20 00:00:00,5.320139
2009-07-21 00:00:00,5.369166
2009-07-22 00:00:00,5.880883
2009-07-23 00:00:00,5.703289
2009-07-24 00:00:00,5.36017
2009-07-25 00:00:00,5.284117
2009-07-26 00:00:00,5.1261
2009-07-27 00:00:00,3.455061
2009-07-28 00:00:00,4.809963
2009-07-29 00:00:00,4.546128
2009-07-30 00:00:00,4.472336
2009-07-31 00:00:00,2.675898
2009-08-01 00:00:00,2.402367
2009-08-02 00:00:00,4.224193
2009-08-03 00:00:00,3.380965
2009-08-04 00:00:00,3.061803
2009-08-05 00:00:00,2.782456
2009-08-06 00:00:00,3.594727
2009-08-07 00:00:00,3.729308
2009-08-08 00:00:00,5.404745
2009-08-09 00:00:00,5.231235
2009-08-10 00:00:00,4.95313
2009-08-11 00:00:00,3.345637
2009-08-12 00:00:00,3.284845
2009-08-13 00:00:00,3.225126
2009-08-14 00:00:00,3.112316
2009-08-15 00:00:00,4.504412
2009-08-16 00:00:00,4.240174
2009-08-17 00:00:00,1.953639
2009-08-18 00:00:00,4.334917
2009-08-19 00:00:00,4.115364
2009-08-20 00:00:00,2.034172
2009-08-21 00:00:00,2.964605
2009-08-22 00:00:00,2.818109
2009-08-23 00:00:00,2.634538
2009-08-24 00:00:00,3.977845
2009-08-25 00:00:00,2.329226
2009-08-26 00:00:00,3.965367
2009-08-27 00:00:00,4.003971
2009-08-28 00:00:00,1.884949
2009-08-29 00:00:00,1.995321
2009-08-30 00:00:00,3.928831
2009-08-31 00:00:00,2.288763
2009-09-01 00:00:00,3.663876
2009-09-02 00:00:00,1.99555
2009-09-03 00:00:00,1.833328
2009-09-04 00:00:00,1.627777
2009-09-05 00:00:00,1.424723
2009-09-06 00:00:00,1.250733
2009-09-07 00:00:00,1.154523
2009-09-08 00:00:00,1.078543
2009-09-09 00:00:00,1.005205
2009-09-10 00:00:00,0.945338
2009-09-11 00:00:00,0.886151
2009-09-12 00:00:00,0.838728
2009-09-13 00:00:00,0.782464
2009-09-14 00:00:00,0.727588
2009-09-15 00:00:00,0.678041
2009-09-16 00:00:00,0.625413
2009-09-17 00:00:00,0.589189
2009-09-18 00:00:00,0.553936
2009-09-19 00:00:00,1.737056
2009-09-20 00:00:00,1.685083
2009-09-21 00:00:00,1.677377
2009-09-22 00:00:00,3.915179
2009-09-23 00:00:00,3.679599
2009-09-24 00:00:00,3.640204
2009-09-25 00:00:00,3.728236
2009-09-26 00:00:00,4.138273
2009-09-27 00:00:00,2.326823
2009-09-28 00:00:00,2.486816
2009-09-29 00:00:00,2.373558
2009-09-30 00:00:00,4.300901
2009-10-01 00:00:00,2.976182
2009-10-02 00:00:00,2.895583
2009-10-03 00:00:00,2.875119
2009-10-04 00:00:00,5.069876
2009-10-05 00:00:00,2.816495
2009-10-06 00:00:00,3.15924
2009-10-07 00:00:00,3.152322
2009-10-08 00:00:00,3.064373
2009-10-09 00:00:00,3.019226
2009-10-10 00:00:00,2.946728
2009-10-11 00:00:00,2.863439
2009-10-12 00:00:00,2.75699
2009-10-13 00:00:00,3.003159
2009-10-14 00:00:00,3.140331
2009-10-15 00:00:00,2.656698
2009-10-16 00:00:00,2.581916
2009-10-17 00:00:00,3.314286
2009-10-18 00:00:00,3.244683
2009-10-19 00:00:00,3.159881
2009-10-20 00:00:00,4.592181
2009-10-21 00:00:00,4.662953
2009-10-22 00:00:00,6.136951
2009-10-23 00:00:00,7.001959
2009-10-24 00:00:00,7.644761
2009-10-25 00:00:00,6.342209
2009-10-26 00:00:00,7.049118
2009-10-27 00:00:00,7.508937
2009-10-28 00:00:00,7.8875
2009-10-29 00:00:00,8.852146
2009-10-30 00:00:00,9.208954
2009-10-31 00:00:00,10.43901
2009-11-01 00:00:00,6.827169
2009-11-02 00:00:00,8.756021
2009-11-03 00:00:00,7.583568
2009-11-04 00:00:00,5.717752
2009-11-05 00:00:00,9.424293
2009-11-06 00:00:00,7.925633
2009-11-07 00:00:00,7.854563
2009-11-08 00:00:00,4.841305
2009-11-09 00:00:00,4.593726
2009-11-10 00:00:00,4.335177
2009-11-11 00:00:00,4.079757
2009-11-12 00:00:00,4.158207
2009-11-13 00:00:00,3.607845
2009-11-14 00:00:00,3.383941
2009-11-15 00:00:00,3.186155
2009-11-16 00:00:00,2.9899
2009-11-17 00:00:00,3.227141
2009-11-18 00:00:00,2.712813
2009-11-19 00:00:00,3.118767
2009-11-20 00:00:00,2.575913
2009-11-21 00:00:00,2.428926
2009-11-22 00:00:00,2.571391
2009-11-23 00:00:00,5.78232
2009-11-24 00:00:00,5.885542
2009-11-25 00:00:00,2.711863
2009-11-26 00:00:00,4.485626
2009-11-27 00:00:00,5.981594
2009-11-28 00:00:00,2.920602
2009-11-29 00:00:00,2.885857
2009-11-30 00:00:00,5.902598
2009-12-01 00:00:00,2.759252
2009-12-02 00:00:00,2.737461
2009-12-03 00:00:00,2.588096
2009-12-04 00:00:00,2.720154
2009-12-05 00:00:00,5.683273
2009-12-06 00:00:00,2.596694
2009-12-07 00:00:00,6.027851
2009-12-08 00:00:00,2.385911
2009-12-09 00:00:00,3.244671
2009-12-10 00:00:00,3.819918
2009-12-11 00:00:00,3.715925
2009-12-12 00:00:00,6.676019
2009-12-13 00:00:00,6.610321
2009-12-14 00:00:00,3.14135
2009-12-15 00:00:00,7.063968
2009-12-16 00:00:00,4.950852
2009-12-17 00:00:00,4.850979
2009-12-18 00:00:00,3.203162
2009-12-19 00:00:00,3.084059
2009-12-20 00:00:00,6.018697
2009-12-21 00:00:00,4.516683
2009-12-22 00:00:00,6.119754
2009-12-23 00:00:00,5.996785
2009-12-24 00:00:00,7.226511
2009-12-25 00:00:00,9.012511
2009-12-26 00:00:00,8.636566
2009-12-27 00:00:00,5.706871
2009-12-28 00:00:00,7.343097
2009-12-29 00:00:00,7.5521
2009-12-30 00:00:00,6.249502
2009-12-31 00:00:00,6.314764
2010-01-01 00:00:00,6.334303
2010-01-02 00:00:00,4.77674
2010-01-03 00:00:00,6.245698
2010-01-04 00:00:00,6.167023
2010-01-05 00:00:00,7.892687
2010-01-06 00:00:00,7.596652
2010-01-07 00:00:00,6.663618
2010-01-08 00:00:00,6.251289
2010-01-09 00:00:00,6.072106
2010-01-10 00:00:00,7.310722
2010-01-11 00:00:00,7.137884
2010-01-12 00:00:00,6.972612
2010-01-13 00:00:00,6.808188
2010-01-14 00:00:00,6.646797
2010-01-15 00:00:00,6.488509
2010-01-16 00:00:00,6.34443
2010-01-17 00:00:00,6.204478
2010-01-18 00:00:00,6.068648
2010-01-19 00:00:00,5.936755
2010-01-20 00:00:00,5.814094
2010-01-21 00:00:00,5.707926
2010-01-22 00:00:00,5.607674
2010-01-23 00:00:00,6.168614
2010-01-24 00:00:00,7.537234
2010-01-25 00:00:00,7.101814
2010-01-26 00:00:00,7.049798
2010-01-27 00:00:00,7.091244
2010-01-28 00:00:00,7.116884
2010-01-29 00:00:00,7.078716
2010-01-30 00:00:00,7.016635
2010-01-31 00:00:00,6.951016
2010-02-01 00:00:00,6.759778
2010-02-02 00:00:00,6.862917
2010-02-03 00:00:00,6.884813
2010-02-04 00:00:00,6.791461
2010-02-05 00:00:00,6.712008
2010-02-06 00:00:00,6.629428
2010-02-07 00:00:00,6.474392
2010-02-08 00:00:00,6.273977
2010-02-09 00:00:00,6.295749
2010-02-10 00:00:00,6.44266
2010-02-11 00:00:00,6.310119
2010-02-12 00:00:00,6.186412
2010-02-13 00:00:00,6.089751
2010-02-14 00:00:00,5.980296
2010-02-15 00:00:00,5.80205
2010-02-16 00:00:00,5.811259
2010-02-17 00:00:00,5.697951
2010-02-18 00:00:00,5.615081
2010-02-19 00:00:00,5.424299
2010-02-20 00:00:00,5.4055
2010-02-21 00:00:00,5.323828
2010-02-22 00:00:00,5.278588
2010-02-23 00:00:00,5.310276
2010-02-24 00:00:00,5.229521
2010-02-25 00:00:00,5.190669
2010-02-26 00:00:00,5.111131
2010-02-27 00:00:00,5.033028
2010-02-28 00:00:00,4.96087
2010-03-01 00:00:00,4.912742
2010-03-02 00:00:00,4.834537
2010-03-03 00:00:00,4.782209
2010-03-04 00:00:00,4.8203
2010-03-05 00:00:00,4.895663
2010-03-06 00:00:00,5.003094
2010-03-07 00:00:00,5.634767
2010-03-08 00:00:00,7.632597
2010-03-09 00:00:00,9.713344
2010-03-10 00:00:00,10.231295
2010-03-11 00:00:00,11.288672
2010-03-12 00:00:00,11.919464
2010-03-13 00:00:00,12.264888
2010-03-14 00:00:00,12.590763
2010-03-15 00:00:00,12.759845
2010-03-16 00:00:00,12.762948
2010-03-17 00:00:00,12.618835
2010-03-18 00:00:00,12.36975
2010-03-19 00:00:00,12.175346
2010-03-20 00:00:00,12.214084
2010-03-21 00:00:00,11.877547
2010-03-22 00:00:00,11.492479
2010-03-23 00:00:00,11.083851
2010-03-24 00:00:00,10.645614
2010-03-25 00:00:00,10.190055
2010-03-26 00:00:00,9.811145
2010-03-27 00:00:00,9.444579
2010-03-28 00:00:00,9.133618
2010-03-29 00:00:00,8.777933
2010-03-30 00:00:00,8.446554
2010-03-31 00:00:00,8.090712
2010-04-01 00:00:00,7.742853
2010-04-02 00:00:00,7.40152
2010-04-03 00:00:00,7.234831
2010-04-04 00:00:00,6.933819
2010-04-05 00:00:00,6.993996
2010-04-06 00:00:00,10.070257
2010-04-07 00:00:00,11.663896
2010-04-08 00:00:00,12.687012
2010-04-09 00:00:00,13.077558
2010-04-10 00:00:00,13.202181
2010-04-11 00:00:00,13.181397
2010-04-12 00:00:00,13.076562
2010-04-13 00:00:00,12.867697
2010-04-14 00:00:00,12.907721
2010-04-15 00:00:00,9.451844
2010-04-16 00:00:00,7.834157
2010-04-17 00:00:00,9.133833
2010-04-18 00:00:00,8.897681
2010-04-19 00:00:00,8.631743
2010-04-20 00:00:00,9.782874
2010-04-21 00:00:00,9.431691
2010-04-22 00:00:00,9.463149
2010-04-23 00:00:00,9.139602
2010-04-24 00:00:00,9.725315
2010-04-25 00:00:00,10.953889
2010-04-26 00:00:00,10.584589
2010-04-27 00:00:00,10.223244
2010-04-28 00:00:00,9.933718
2010-04-29 00:00:00,9.605527
2010-04-30 00:00:00,10.17336
2010-05-01 00:00:00,10.352034
2010-05-02 00:00:00,9.905657
2010-05-03 00:00:00,9.761498
2010-05-04 00:00:00,7.011284
2010-05-05 00:00:00,9.372352
2010-05-06 00:00:00,9.002889
2010-05-07 00:00:00,8.607861
2010-05-08 00:00:00,9.590282
2010-05-09 00:00:00,9.411113
2010-05-10 00:00:00,9.297687
2010-05-11 00:00:00,10.78995
2010-05-12 00:00:00,11.811359
2010-05-13 00:00:00,14.655118
2010-05-14 00:00:00,14.597232
2010-05-15 00:00:00,12.98181
2010-05-16 00:00:00,13.893879
2010-05-17 00:00:00,11.247405
2010-05-18 00:00:00,11.25908
2010-05-19 00:00:00,14.009228
2010-05-20 00:00:00,12.362638
2010-05-21 00:00:00,11.184508
2010-05-22 00:00:00,12.443276
2010-05-23 00:00:00,12.571009
2010-05-24 00:00:00,11.931521
2010-05-25 00:00:00,11.621603
2010-05-26 00:00:00,9.986722
2010-05-27 00:00:00,7.007435
2010-05-28 00:00:00,8.033845
2010-05-29 00:00:00,8.979229
2010-05-30 00:00:00,5.358686
2010-05-31 00:00:00,7.934009
2010-06-01 00:00:00,9.041628
2010-06-02 00:00:00,8.912902
2010-06-03 00:00:00,8.75889
2010-06-04 00:00:00,9.105863
2010-06-05 00:00:00,9.958066
2010-06-06 00:00:00,10.787103
2010-06-07 00:00:00,10.599619
2010-06-08 00:00:00,10.131352
2010-06-09 00:00:00,11.790927
2010-06-10 00:00:00,11.677696
2010-06-11 00:00:00,11.969342
2010-06-12 00:00:00,11.586893
2010-06-13 00:00:00,11.331439
2010-06-14 00:00:00,11.397172
2010-06-15 00:00:00,12.646247
2010-06-16 00:00:00,13.228372
2010-06-17 00:00:00,12.746498
2010-06-18 00:00:00,9.82988
2010-06-19 00:00:00,12.720355
2010-06-20 00:00:00,12.196612
2010-06-21 00:00:00,14.277224
2010-06-22 00:00:00,16.071721
2010-06-23 00:00:00,18.780154
2010-06-24 00:00:00,18.74068
2010-06-25 00:00:00,19.330004
2010-06-26 00:00:00,21.270045
2010-06-27 00:00:00,18.990271
2010-06-28 00:00:00,19.677456
2010-06-29 00:00:00,16.23358
2010-06-30 00:00:00,18.83989
2010-07-01 00:00:00,18.749255
2010-07-02 00:00:00,18.414261
2010-07-03 00:00:00,19.042545
2010-07-04 00:00:00,18.053615
2010-07-05 00:00:00,17.72551
2010-07-06 00:00:00,16.886495
2010-07-07 00:00:00,16.198369
2010-07-08 00:00:00,16.005451
2010-07-09 00:00:00,12.04567
2010-07-10 00:00:00,14.122995
2010-07-11 00:00:00,11.902266
2010-07-12 00:00:00,9.640076
2010-07-13 00:00:00,12.455102
2010-07-14 00:00:00,13.615095
2010-07-15 00:00:00,16.899079
2010-07-16 00:00:00,15.832544
2010-07-17 00:00:00,10.457232
2010-07-18 00:00:00,12.288053
2010-07-19 00:00:00,12.29032
2010-07-20 00:00:00,15.392423
2010-07-21 00:00:00,14.909947
2010-07-22 00:00:00,22.761651
2010-07-23 00:00:00,21.55413
2010-07-24 00:00:00,25.875283
2010-07-25 00:00:00,27.117824
2010-07-26 00:00:00,27.32055
2010-07-27 00:00:00,27.214966
2010-07-28 00:00:00,27.099685
2010-07-29 00:00:00,25.745648
2010-07-30 00:00:00,24.732358
2010-07-31 00:00:00,23.652878
2010-08-01 00:00:00,21.881428
2010-08-02 00:00:00,20.087606
2010-08-03 00:00:00,24.41767
2010-08-04 00:00:00,22.706705
2010-08-05 00:00:00,21.122336
2010-08-06 00:00:00,19.600487
2010-08-07 00:00:00,18.381192
2010-08-08 00:00:00,21.419169
2010-08-09 00:00:00,21.623932
2010-08-10 00:00:00,20.385565
2010-08-11 00:00:00,19.666807
2010-08-12 00:00:00,18.921116
2010-08-13 00:00:00,23.063161
2010-08-14 00:00:00,22.957333
2010-08-15 00:00:00,24.299993
2010-08-16 00:00:00,24.126573
2010-08-17 00:00:00,23.51766
2010-08-18 00:00:00,22.85511
2010-08-19 00:00:00,22.153589
2010-08-20 00:00:00,22.264751
2010-08-21 00:00:00,21.771218
2010-08-22 00:00:00,20.665999
2010-08-23 00:00:00,19.596492
2010-08-24 00:00:00,18.533776
2010-08-25 00:00:00,17.509085
2010-08-26 00:00:00,16.456532
2010-08-27 00:00:00,15.447886
2010-08-28 00:00:00,14.494549
2010-08-29 00:00:00,13.531538
2010-08-30 00:00:00,12.646019
2010-08-31 00:00:00,13.607473
2010-09-01 00:00:00,15.513947
2010-09-02 00:00:00,15.832474
2010-09-03 00:00:00,16.446317
2010-09-04 00:00:00,16.908642
2010-09-05 00:00:00,16.405585
2010-09-06 00:00:00,15.904316
2010-09-07 00:00:00,15.22342
2010-09-08 00:00:00,14.611084
2010-09-09 00:00:00,13.958929
2010-09-10 00:00:00,13.343864
2010-09-11 00:00:00,13.467836
2010-09-12 00:00:00,12.891163
2010-09-13 00:00:00,12.179524
2010-09-14 00:00:00,11.493316
2010-09-15 00:00:00,10.695959
2010-09-16 00:00:00,10.380325
2010-09-17 00:00:00,10.061731
2010-09-18 00:00:00,10.955171
2010-09-19 00:00:00,10.41991
2010-09-20 00:00:00,10.023435
2010-09-21 00:00:00,9.563726
2010-09-22 00:00:00,9.166605
2010-09-23 00:00:00,6.296312
2010-09-24 00:00:00,6.104119
2010-09-25 00:00:00,7.215819
2010-09-26 00:00:00,8.155129
2010-09-27 00:00:00,6.247345
2010-09-28 00:00:00,5.794376
2010-09-29 00:00:00,2.575662
2010-09-30 00:00:00,3.346445
2010-10-01 00:00:00,2.293254
2010-10-02 00:00:00,2.660019
2010-10-03 00:00:00,2.286603
2010-10-04 00:00:00,3.421316
2010-10-05 00:00:00,3.0177
2010-10-06 00:00:00,1.713641
2010-10-07 00:00:00,2.246901
2010-10-08 00:00:00,1.844604
2010-10-09 00:00:00,1.445591
2010-10-10 00:00:00,1.365858
2010-10-11 00:00:00,1.277268
2010-10-12 00:00:00,1.213383
2010-10-13 00:00:00,1.148933
2010-10-14 00:00:00,1.088639
2010-10-15 00:00:00,1.03254
2010-10-16 00:00:00,0.98691
2010-10-17 00:00:00,0.94093
2010-10-18 00:00:00,0.887669
2010-10-19 00:00:00,0.85533
2010-10-20 00:00:00,0.824126
2010-10-21 00:00:00,3.032592
2010-10-22 00:00:00,3.173921
2010-10-23 00:00:00,3.411181
2010-10-24 00:00:00,4.609407
2010-10-25 00:00:00,4.68597
2010-10-26 00:00:00,2.701442
2010-10-27 00:00:00,2.786905
2010-10-28 00:00:00,2.8746
2010-10-29 00:00:00,3.232029
2010-10-30 00:00:00,3.489147
2010-10-31 00:00:00,3.641586
2010-11-01 00:00:00,3.701873
2010-11-02 00:00:00,3.698986
2010-11-03 00:00:00,2.907151
2010-11-04 00:00:00,2.892176
2010-11-05 00:00:00,2.861759
2010-11-06 00:00:00,2.797113
2010-11-07 00:00:00,3.503713
2010-11-08 00:00:00,2.614484
2010-11-09 00:00:00,3.298269
2010-11-10 00:00:00,3.180156
2010-11-11 00:00:00,3.070317
2010-11-12 00:00:00,4.643167
2010-11-13 00:00:00,2.529009
2010-11-14 00:00:00,2.466005
2010-11-15 00:00:00,4.769289
2010-11-16 00:00:00,2.307646
2010-11-17 00:00:00,2.29091
2010-11-18 00:00:00,3.128141
2010-11-19 00:00:00,2.164907
2010-11-20 00:00:00,5.018851
2010-11-21 00:00:00,3.066053
2010-11-22 00:00:00,2.061044
2010-11-23 00:00:00,5.014299
2010-11-24 00:00:00,2.143202
2010-11-25 00:00:00,2.330755
2010-11-26 00:00:00,2.272459
2010-11-27 00:00:00,3.176721
2010-11-28 00:00:00,5.224651
2010-11-29 00:00:00,2.228347
2010-11-30 00:00:00,2.314464
2010-12-01 00:00:00,2.280725
2010-12-02 00:00:00,4.73468
2010-12-03 00:00:00,3.731577
2010-12-04 00:00:00,2.095432
2010-12-05 00:00:00,2.160774
2010-12-06 00:00:00,2.126333
2010-12-07 00:00:00,3.556412
2010-12-08 00:00:00,3.483279
2010-12-09 00:00:00,4.906054
2010-12-10 00:00:00,4.978144
2010-12-11 00:00:00,5.953108
2010-12-12 00:00:00,6.297901
2010-12-13 00:00:00,6.171555
2010-12-14 00:00:00,6.178765
2010-12-15 00:00:00,3.956748
2010-12-16 00:00:00,4.04443
2010-12-17 00:00:00,4.10761
2010-12-18 00:00:00,4.164368
2010-12-19 00:00:00,6.04518
2010-12-20 00:00:00,5.835779
2010-12-21 00:00:00,4.466009
2010-12-22 00:00:00,5.977885
2010-12-23 00:00:00,5.873336
2010-12-24 00:00:00,5.707812
2010-12-25 00:00:00,4.380563
2010-12-26 00:00:00,5.723244
2010-12-27 00:00:00,4.214952
2010-12-28 00:00:00,5.541873
2010-12-29 00:00:00,5.553157
2010-12-30 00:00:00,6.122018
2010-12-31 00:00:00,6.322481
2011-01-01 00:00:00,6.069483
2011-01-02 00:00:00,5.995062
2011-01-03 00:00:00,5.953436
2011-01-04 00:00:00,5.940921
2011-01-05 00:00:00,5.876977
2011-01-06 00:00:00,5.847745
2011-01-07 00:00:00,5.564456
2011-01-08 00:00:00,5.709241
2011-01-09 00:00:00,5.638551
2011-01-10 00:00:00,5.464963
2011-01-11 00:00:00,5.444389
2011-01-12 00:00:00,5.517394
2011-01-13 00:00:00,5.438095
2011-01-14 00:00:00,5.255312
2011-01-15 00:00:00,5.339159
2011-01-16 00:00:00,5.232174
2011-01-17 00:00:00,5.081866
2011-01-18 00:00:00,5.351098
2011-01-19 00:00:00,5.258695
2011-01-20 00:00:00,5.182137
2011-01-21 00:00:00,5.084774
2011-01-22 00:00:00,5.057238
2011-01-23 00:00:00,4.988823
2011-01-24 00:00:00,4.933479
2011-01-25 00:00:00,4.8644
2011-01-26 00:00:00,4.723494
2011-01-27 00:00:00,4.709911
2011-01-28 00:00:00,4.728115
2011-01-29 00:00:00,4.671053
2011-01-30 00:00:00,4.630826
2011-01-31 00:00:00,4.339863
2011-02-01 00:00:00,4.274704
2011-02-02 00:00:00,4.834928
2011-02-03 00:00:00,4.773641
2011-02-04 00:00:00,4.697623
2011-02-05 00:00:00,4.526458
2011-02-06 00:00:00,4.523006
2011-02-07 00:00:00,4.546533
2011-02-08 00:00:00,4.513394
2011-02-09 00:00:00,4.458776
2011-02-10 00:00:00,4.414789
2011-02-11 00:00:00,4.364301
2011-02-12 00:00:00,4.274697
2011-02-13 00:00:00,4.650398
2011-02-14 00:00:00,4.705124
2011-02-15 00:00:00,4.842834
2011-02-16 00:00:00,5.282262
2011-02-17 00:00:00,9.00562
2011-02-18 00:00:00,8.186329
2011-02-19 00:00:00,8.271329
2011-02-20 00:00:00,9.325469
2011-02-21 00:00:00,7.962207
2011-02-22 00:00:00,8.699588
2011-02-23 00:00:00,7.79668
2011-02-24 00:00:00,9.805331
2011-02-25 00:00:00,10.245088
2011-02-26 00:00:00,9.189146
2011-02-27 00:00:00,7.746903
2011-02-28 00:00:00,10.332143
2011-03-01 00:00:00,9.33903
2011-03-02 00:00:00,10.045235
2011-03-03 00:00:00,10.857064
2011-03-04 00:00:00,10.688738
2011-03-05 00:00:00,11.184284
2011-03-06 00:00:00,11.496963
2011-03-07 00:00:00,11.651273
2011-03-08 00:00:00,11.631875
2011-03-09 00:00:00,12.563294
2011-03-10 00:00:00,12.393337
2011-03-11 00:00:00,12.316466
2011-03-12 00:00:00,12.250269
2011-03-13 00:00:00,12.192903
2011-03-14 00:00:00,12.067493
2011-03-15 00:00:00,11.887643
2011-03-16 00:00:00,11.643288
2011-03-17 00:00:00,11.311416
2011-03-18 00:00:00,10.960739
2011-03-19 00:00:00,10.693684
2011-03-20 00:00:00,13.4554
2011-03-21 00:00:00,13.454359
2011-03-22 00:00:00,15.91659
2011-03-23 00:00:00,17.201655
2011-03-24 00:00:00,17.573597
2011-03-25 00:00:00,17.894169
2011-03-26 00:00:00,18.017351
2011-03-27 00:00:00,17.978572
2011-03-28 00:00:00,17.806055
2011-03-29 00:00:00,17.499728
2011-03-30 00:00:00,17.098875
2011-03-31 00:00:00,16.547256
2011-04-01 00:00:00,17.293515
2011-04-02 00:00:00,17.059886
2011-04-03 00:00:00,17.194651
2011-04-04 00:00:00,16.127478
2011-04-05 00:00:00,16.991842
2011-04-06 00:00:00,16.847014
2011-04-07 00:00:00,16.340054
2011-04-08 00:00:00,15.847043
2011-04-09 00:00:00,15.383169
2011-04-10 00:00:00,11.728618
2011-04-11 00:00:00,14.38511
2011-04-12 00:00:00,10.833831
2011-04-13 00:00:00,13.27624
2011-04-14 00:00:00,12.756304
2011-04-15 00:00:00,12.983333
2011-04-16 00:00:00,13.058141
2011-04-17 00:00:00,12.668779
2011-04-18 00:00:00,12.261779
2011-04-19 00:00:00,14.33376
2011-04-20 00:00:00,14.618911
2011-04-21 00:00:00,14.451895
2011-04-22 00:00:00,14.901339
2011-04-23 00:00:00,15.390767
2011-04-24 00:00:00,15.054713
2011-04-25 00:00:00,15.113545
2011-04-26 00:00:00,17.784117
2011-04-27 00:00:00,17.631124
2011-04-28 00:00:00,14.770164
2011-04-29 00:00:00,17.877962
2011-04-30 00:00:00,16.568412
2011-05-01 00:00:00,16.468015
2011-05-02 00:00:00,16.284745
2011-05-03 00:00:00,14.654592
2011-05-04 00:00:00,15.778909
2011-05-05 00:00:00,15.249145
2011-05-06 00:00:00,14.850857
2011-05-07 00:00:00,14.193591
2011-05-08 00:00:00,13.62135
2011-05-09 00:00:00,13.471775
2011-05-10 00:00:00,12.941178
2011-05-11 00:00:00,12.926401
2011-05-12 00:00:00,12.82801
2011-05-13 00:00:00,12.374866
2011-05-14 00:00:00,10.974561
2011-05-15 00:00:00,11.843274
2011-05-16 00:00:00,11.363336
2011-05-17 00:00:00,10.867978
2011-05-18 00:00:00,10.431138
2011-05-19 00:00:00,10.199066
2011-05-20 00:00:00,9.759403
2011-05-21 00:00:00,9.319362
2011-05-22 00:00:00,9.117741
2011-05-23 00:00:00,8.656647
2011-05-24 00:00:00,8.321874
2011-05-25 00:00:00,10.518811
2011-05-26 00:00:00,9.94308
2011-05-27 00:00:00,9.920545
2011-05-28 00:00:00,9.871843
2011-05-29 00:00:00,9.853972
2011-05-30 00:00:00,9.79314
2011-05-31 00:00:00,4.41361
2011-06-01 00:00:00,8.529023
2011-06-02 00:00:00,8.648378
2011-06-03 00:00:00,8.441626
2011-06-04 00:00:00,8.135336
2011-06-05 00:00:00,7.770785
2011-06-06 00:00:00,7.557697
2011-06-07 00:00:00,7.200305
2011-06-08 00:00:00,7.443401
2011-06-09 00:00:00,8.004266
2011-06-10 00:00:00,8.158781
2011-06-11 00:00:00,6.488573
2011-06-12 00:00:00,6.315624
2011-06-13 00:00:00,7.543999
2011-06-14 00:00:00,7.226298
2011-06-15 00:00:00,7.59755
2011-06-16 00:00:00,7.382509
2011-06-17 00:00:00,7.230592
2011-06-18 00:00:00,7.013689
2011-06-19 00:00:00,7.848249
2011-06-20 00:00:00,7.551072
2011-06-21 00:00:00,8.047688
2011-06-22 00:00:00,8.439475
2011-06-23 00:00:00,7.898778
2011-06-24 00:00:00,7.73308
2011-06-25 00:00:00,8.450958
2011-06-26 00:00:00,7.42801
2011-06-27 00:00:00,7.387486
2011-06-28 00:00:00,5.568008
2011-06-29 00:00:00,7.455544
2011-06-30 00:00:00,7.15233
2011-07-01 00:00:00,6.432358
2011-07-02 00:00:00,6.047523
2011-07-03 00:00:00,5.693062
2011-07-04 00:00:00,5.31537
2011-07-05 00:00:00,3.481886
2011-07-06 00:00:00,4.803149
2011-07-07 00:00:00,3.029409
2011-07-08 00:00:00,4.205768
2011-07-09 00:00:00,5.015757
2011-07-10 00:00:00,4.901314
2011-07-11 00:00:00,2.255892
2011-07-12 00:00:00,2.200823
2011-07-13 00:00:00,3.523513
2011-07-14 00:00:00,4.501817
2011-07-15 00:00:00,4.236471
2011-07-16 00:00:00,4.228716
2011-07-17 00:00:00,4.037761
2011-07-18 00:00:00,2.237509
2011-07-19 00:00:00,3.387428
2011-07-20 00:00:00,1.436627
2011-07-21 00:00:00,3.218275
2011-07-22 00:00:00,1.192989
2011-07-23 00:00:00,1.173545
2011-07-24 00:00:00,1.150283
2011-07-25 00:00:00,2.964429
2011-07-26 00:00:00,2.760673
2011-07-27 00:00:00,2.970471
2011-07-28 00:00:00,2.451771
2011-07-29 00:00:00,2.231439
2011-07-30 00:00:00,2.004927
2011-07-31 00:00:00,1.193042
2011-08-01 00:00:00,1.576422
2011-08-02 00:00:00,1.031805
2011-08-03 00:00:00,0.960978
2011-08-04 00:00:00,0.885911
2011-08-05 00:00:00,2.117341
2011-08-06 00:00:00,2.128446
2011-08-07 00:00:00,1.059254
2011-08-08 00:00:00,1.015734
2011-08-09 00:00:00,1.002186
2011-08-10 00:00:00,0.904787
2011-08-11 00:00:00,2.121913
2011-08-12 00:00:00,2.073167
2011-08-13 00:00:00,1.017643
2011-08-14 00:00:00,1.130977
2011-08-15 00:00:00,1.028377
2011-08-16 00:00:00,0.931785
2011-08-17 00:00:00,0.873097
2011-08-18 00:00:00,1.99706
2011-08-19 00:00:00,0.78023
2011-08-20 00:00:00,0.837843
2011-08-21 00:00:00,1.979652
2011-08-22 00:00:00,1.836126
2011-08-23 00:00:00,1.031856
2011-08-24 00:00:00,1.172791
2011-08-25 00:00:00,1.034058
2011-08-26 00:00:00,0.933089
2011-08-27 00:00:00,0.863729
2011-08-28 00:00:00,0.81215
2011-08-29 00:00:00,1.753517
2011-08-30 00:00:00,0.722824
2011-08-31 00:00:00,1.761802
2011-09-01 00:00:00,1.755049
2011-09-02 00:00:00,0.693829
2011-09-03 00:00:00,1.038577
2011-09-04 00:00:00,1.133235
2011-09-05 00:00:00,1.012877
2011-09-06 00:00:00,0.932972
2011-09-07 00:00:00,0.881175
2011-09-08 00:00:00,0.834881
2011-09-09 00:00:00,1.66861
2011-09-10 00:00:00,1.596931
2011-09-11 00:00:00,0.687638
2011-09-12 00:00:00,0.635972
2011-09-13 00:00:00,0.57162
2011-09-14 00:00:00,0.526983
2011-09-15 00:00:00,0.497799
2011-09-16 00:00:00,0.46721
2011-09-17 00:00:00,1.067125
2011-09-18 00:00:00,1.079395
2011-09-19 00:00:00,0.621128
2011-09-20 00:00:00,0.604397
2011-09-21 00:00:00,0.540368
2011-09-22 00:00:00,0.499027
2011-09-23 00:00:00,0.473404
2011-09-24 00:00:00,1.010528
2011-09-25 00:00:00,1.141848
2011-09-26 00:00:00,1.846049
2011-09-27 00:00:00,2.328798
2011-09-28 00:00:00,1.234557
2011-09-29 00:00:00,1.291294
2011-09-30 00:00:00,1.455179
2011-10-01 00:00:00,1.404324
2011-10-02 00:00:00,1.327018
2011-10-03 00:00:00,1.997298
2011-10-04 00:00:00,1.176423
2011-10-05 00:00:00,1.123395
2011-10-06 00:00:00,1.8945
2011-10-07 00:00:00,1.032475
2011-10-08 00:00:00,0.982748
2011-10-09 00:00:00,1.671231
2011-10-10 00:00:00,1.61288
2011-10-11 00:00:00,1.507492
2011-10-12 00:00:00,1.681396
2011-10-13 00:00:00,1.533529
2011-10-14 00:00:00,1.472844
2011-10-15 00:00:00,1.344155
2011-10-16 00:00:00,1.280389
2011-10-17 00:00:00,1.233788
2011-10-18 00:00:00,1.187453
2011-10-19 00:00:00,1.153633
2011-10-20 00:00:00,1.108583
2011-10-21 00:00:00,1.902834
2011-10-22 00:00:00,1.850676
2011-10-23 00:00:00,1.791164
2011-10-24 00:00:00,1.010718
2011-10-25 00:00:00,0.999433
2011-10-26 00:00:00,0.943526
2011-10-27 00:00:00,0.908361
2011-10-28 00:00:00,0.871926
2011-10-29 00:00:00,0.839348
2011-10-30 00:00:00,0.825503
2011-10-31 00:00:00,1.615169
2011-11-01 00:00:00,1.592447
2011-11-02 00:00:00,1.086373
2011-11-03 00:00:00,1.457737
2011-11-04 00:00:00,1.320677
2011-11-05 00:00:00,1.239337
2011-11-06 00:00:00,2.264695
2011-11-07 00:00:00,2.356717
2011-11-08 00:00:00,4.103009
2011-11-09 00:00:00,3.688734
2011-11-10 00:00:00,3.763648
2011-11-11 00:00:00,3.890377
2011-11-12 00:00:00,3.957425
2011-11-13 00:00:00,3.915174
2011-11-14 00:00:00,3.894621
2011-11-15 00:00:00,3.911837
2011-11-16 00:00:00,3.884936
2011-11-17 00:00:00,3.810253
2011-11-18 00:00:00,3.696005
2011-11-19 00:00:00,3.554736
2011-11-20 00:00:00,3.404208
2011-11-21 00:00:00,3.232697
2011-11-22 00:00:00,3.060992
2011-11-23 00:00:00,2.900406
2011-11-24 00:00:00,2.736574
2011-11-25 00:00:00,2.581662
2011-11-26 00:00:00,2.673772
2011-11-27 00:00:00,2.681689
2011-11-28 00:00:00,2.522684
2011-11-29 00:00:00,2.390663
2011-11-30 00:00:00,2.276183
2011-12-01 00:00:00,2.690115
2011-12-02 00:00:00,4.297531
2011-12-03 00:00:00,2.877871
2011-12-04 00:00:00,2.992578
2011-12-05 00:00:00,2.834241
2011-12-06 00:00:00,2.771811
2011-12-07 00:00:00,2.755552
2011-12-08 00:00:00,2.732958
2011-12-09 00:00:00,2.66843
2011-12-10 00:00:00,2.582625
2011-12-11 00:00:00,2.50143
2011-12-12 00:00:00,5.071149
2011-12-13 00:00:00,5.118156
2011-12-14 00:00:00,3.029502
2011-12-15 00:00:00,3.035289
2011-12-16 00:00:00,2.946517
2011-12-17 00:00:00,2.922292
2011-12-18 00:00:00,2.965444
2011-12-19 00:00:00,2.916338
2011-12-20 00:00:00,3.321753
2011-12-21 00:00:00,2.750147
2011-12-22 00:00:00,2.723202
2011-12-23 00:00:00,2.639575
2011-12-24 00:00:00,2.559037
2011-12-25 00:00:00,3.392365
2011-12-26 00:00:00,2.440909
2011-12-27 00:00:00,2.355013
2011-12-28 00:00:00,5.159307
2011-12-29 00:00:00,4.88789
2011-12-30 00:00:00,5.053259
2011-12-31 00:00:00,2.244358
2012-01-01 00:00:00,2.305253
2012-01-02 00:00:00,5.213791
2012-01-03 00:00:00,4.845348
2012-01-04 00:00:00,5.025152
2012-01-05 00:00:00,4.666339
2012-01-06 00:00:00,4.616598
2012-01-07 00:00:00,2.986575
2012-01-08 00:00:00,4.433143
2012-01-09 00:00:00,4.63469
2012-01-10 00:00:00,4.54746
2012-01-11 00:00:00,4.461471
2012-01-12 00:00:00,3.390449
2012-01-13 00:00:00,2.916959
2012-01-14 00:00:00,4.337134
2012-01-15 00:00:00,4.288644
2012-01-16 00:00:00,4.17487
2012-01-17 00:00:00,2.907264
2012-01-18 00:00:00,4.175507
2012-01-19 00:00:00,4.099172
2012-01-20 00:00:00,3.865684
2012-01-21 00:00:00,4.092921
2012-01-22 00:00:00,3.966038
2012-01-23 00:00:00,4.087967
2012-01-24 00:00:00,4.080024
2012-01-25 00:00:00,4.019595
2012-01-26 00:00:00,3.935563
2012-01-27 00:00:00,4.282204
2012-01-28 00:00:00,2.301946
2012-01-29 00:00:00,4.216569
2012-01-30 00:00:00,4.347446
2012-01-31 00:00:00,4.610984
2012-02-01 00:00:00,4.961328
2012-02-02 00:00:00,5.098392
2012-02-03 00:00:00,4.968131
2012-02-04 00:00:00,5.00374
2012-02-05 00:00:00,5.000764
2012-02-06 00:00:00,4.989955
2012-02-07 00:00:00,3.697293
2012-02-08 00:00:00,4.936518
2012-02-09 00:00:00,3.74518
2012-02-10 00:00:00,3.893967
2012-02-11 00:00:00,4.813988
2012-02-12 00:00:00,4.781451
2012-02-13 00:00:00,4.014011
2012-02-14 00:00:00,4.84483
2012-02-15 00:00:00,4.954821
2012-02-16 00:00:00,4.829117
2012-02-17 00:00:00,3.790821
2012-02-18 00:00:00,4.715276
2012-02-19 00:00:00,4.653482
2012-02-20 00:00:00,4.560536
2012-02-21 00:00:00,4.579269
2012-02-22 00:00:00,4.518058
2012-02-23 00:00:00,4.443482
2012-02-24 00:00:00,3.678043
2012-02-25 00:00:00,4.563214
2012-02-26 00:00:00,4.778799
2012-02-27 00:00:00,4.602149
2012-02-28 00:00:00,4.766375
2012-02-29 00:00:00,5.591422
2012-03-01 00:00:00,5.457024
2012-03-02 00:00:00,6.057476
2012-03-03 00:00:00,6.297065
2012-03-04 00:00:00,6.229458
2012-03-05 00:00:00,6.314669
2012-03-06 00:00:00,6.538571
2012-03-07 00:00:00,6.725737
2012-03-08 00:00:00,7.281155
2012-03-09 00:00:00,7.095378
2012-03-10 00:00:00,7.061439
2012-03-11 00:00:00,7.081501
2012-03-12 00:00:00,7.487745
2012-03-13 00:00:00,7.403843
2012-03-14 00:00:00,7.230251
2012-03-15 00:00:00,7.071693
2012-03-16 00:00:00,6.922682
2012-03-17 00:00:00,6.799668
2012-03-18 00:00:00,6.595743
2012-03-19 00:00:00,6.489825
2012-03-20 00:00:00,6.527804
2012-03-21 00:00:00,6.294782
2012-03-22 00:00:00,6.238489
2012-03-23 00:00:00,6.584437
2012-03-24 00:00:00,5.340232
2012-03-25 00:00:00,6.260111
2012-03-26 00:00:00,6.020718
2012-03-27 00:00:00,6.052214
2012-03-28 00:00:00,5.825189
2012-03-29 00:00:00,5.852168
2012-03-30 00:00:00,7.008432
2012-03-31 00:00:00,6.726623
2012-04-01 00:00:00,6.588653
2012-04-02 00:00:00,6.424193
2012-04-03 00:00:00,6.369587
2012-04-04 00:00:00,6.241793
2012-04-05 00:00:00,6.041343
2012-04-06 00:00:00,5.909073
2012-04-07 00:00:00,5.756626
2012-04-08 00:00:00,3.108425
2012-04-09 00:00:00,2.931854
2012-04-10 00:00:00,5.211235
2012-04-11 00:00:00,4.238317
2012-04-12 00:00:00,5.043187
2012-04-13 00:00:00,4.802577
2012-04-14 00:00:00,4.977709
2012-04-15 00:00:00,5.579305
2012-04-16 00:00:00,4.186094
2012-04-17 00:00:00,5.250469
2012-04-18 00:00:00,5.102892
2012-04-19 00:00:00,5.952814
2012-04-20 00:00:00,6.626371
2012-04-21 00:00:00,6.457621
2012-04-22 00:00:00,5.858199
2012-04-23 00:00:00,6.395127
2012-04-24 00:00:00,6.34175
2012-04-25 00:00:00,3.423697
2012-04-26 00:00:00,6.103288
2012-04-27 00:00:00,6.250363
2012-04-28 00:00:00,6.345302
2012-04-29 00:00:00,6.881705
2012-04-30 00:00:00,7.402933
2012-05-01 00:00:00,7.258681
2012-05-02 00:00:00,6.666586
2012-05-03 00:00:00,4.19126
2012-05-04 00:00:00,7.954229
2012-05-05 00:00:00,7.8528
2012-05-06 00:00:00,7.985635
2012-05-07 00:00:00,6.825078
2012-05-08 00:00:00,5.337652
2012-05-09 00:00:00,5.414376
2012-05-10 00:00:00,6.875168
2012-05-11 00:00:00,5.250304
2012-05-12 00:00:00,4.625895
2012-05-13 00:00:00,5.065481
2012-05-14 00:00:00,4.223872
2012-05-15 00:00:00,3.995578
2012-05-16 00:00:00,3.769502
2012-05-17 00:00:00,3.563038
2012-05-18 00:00:00,5.448514
2012-05-19 00:00:00,3.612458
2012-05-20 00:00:00,3.397692
2012-05-21 00:00:00,2.700013
2012-05-22 00:00:00,2.51318
2012-05-23 00:00:00,5.175224
2012-05-24 00:00:00,4.93565
2012-05-25 00:00:00,4.667004
2012-05-26 00:00:00,5.444657
2012-05-27 00:00:00,5.345591
2012-05-28 00:00:00,2.273443
2012-05-29 00:00:00,5.193985
2012-05-30 00:00:00,4.975797
2012-05-31 00:00:00,3.930991
2012-06-01 00:00:00,2.428335
2012-06-02 00:00:00,3.578351
2012-06-03 00:00:00,3.390927
2012-06-04 00:00:00,4.590415
2012-06-05 00:00:00,4.466774
2012-06-06 00:00:00,4.297396
2012-06-07 00:00:00,2.570726
2012-06-08 00:00:00,1.543368
2012-06-09 00:00:00,3.683334
2012-06-10 00:00:00,3.225152
2012-06-11 00:00:00,1.291208
2012-06-12 00:00:00,1.229693
2012-06-13 00:00:00,2.769603
2012-06-14 00:00:00,2.974927
2012-06-15 00:00:00,2.830812
2012-06-16 00:00:00,0.908686
2012-06-17 00:00:00,1.754236
2012-06-18 00:00:00,0.805058
2012-06-19 00:00:00,2.274265
2012-06-20 00:00:00,0.671851
2012-06-21 00:00:00,0.645329
2012-06-22 00:00:00,0.941731
2012-06-23 00:00:00,0.568882
2012-06-24 00:00:00,0.530597
2012-06-25 00:00:00,0.491735
2012-06-26 00:00:00,1.574717
2012-06-27 00:00:00,0.550719
2012-06-28 00:00:00,0.4035
2012-06-29 00:00:00,0.369083
2012-06-30 00:00:00,0.341744
2012-07-01 00:00:00,0.311895
2012-07-02 00:00:00,0.288859
2012-07-03 00:00:00,0.268198
2012-07-04 00:00:00,0.25507
2012-07-05 00:00:00,0.23547
2012-07-06 00:00:00,0.221515
2012-07-07 00:00:00,0.194416
2012-07-08 00:00:00,0.18142
2012-07-09 00:00:00,0.171408
2012-07-10 00:00:00,0.164819
2012-07-11 00:00:00,0.164125
2012-07-12 00:00:00,0.164109
2012-07-13 00:00:00,0.148451
2012-07-14 00:00:00,0.146721
2012-07-15 00:00:00,0.154049
2012-07-16 00:00:00,0.402236
2012-07-17 00:00:00,0.375802
2012-07-18 00:00:00,0.124826
2012-07-19 00:00:00,0.168179
2012-07-20 00:00:00,0.220741
2012-07-21 00:00:00,0.224827
2012-07-22 00:00:00,0.552727
2012-07-23 00:00:00,0.209455
2012-07-24 00:00:00,0.463052
2012-07-25 00:00:00,0.312091
2012-07-26 00:00:00,0.384734
2012-07-27 00:00:00,0.418507
2012-07-28 00:00:00,0.438054
2012-07-29 00:00:00,0.428221
2012-07-30 00:00:00,0.422198
2012-07-31 00:00:00,0.439648
2012-08-01 00:00:00,0.429882
2012-08-02 00:00:00,0.403988
2012-08-03 00:00:00,0.37151
2012-08-04 00:00:00,0.354591
2012-08-05 00:00:00,0.340969
2012-08-06 00:00:00,0.312552
2012-08-07 00:00:00,0.338983
2012-08-08 00:00:00,0.324987
2012-08-09 00:00:00,0.303812
2012-08-10 00:00:00,0.308872
2012-08-11 00:00:00,0.289774
2012-08-12 00:00:00,0.272897
2012-08-13 00:00:00,0.261921
2012-08-14 00:00:00,0.277004
2012-08-15 00:00:00,0.230321
2012-08-16 00:00:00,0.296736
2012-08-17 00:00:00,0.292729
2012-08-18 00:00:00,0.348907
2012-08-19 00:00:00,0.26913
2012-08-20 00:00:00,0.25113
2012-08-21 00:00:00,0.230606
2012-08-22 00:00:00,0.210049
2012-08-23 00:00:00,0.19083
2012-08-24 00:00:00,0.1734
2012-08-25 00:00:00,0.157005
2012-08-26 00:00:00,0.160021
2012-08-27 00:00:00,0.148815
2012-08-28 00:00:00,0.137242
2012-08-29 00:00:00,0.128031
2012-08-30 00:00:00,0.119709
2012-08-31 00:00:00,0.11294
2012-09-01 00:00:00,0.109563
2012-09-02 00:00:00,0.107317
2012-09-03 00:00:00,0.119182
2012-09-04 00:00:00,0.111211
2012-09-05 00:00:00,0.118704
2012-09-06 00:00:00,0.110381
2012-09-07 00:00:00,0.107291
2012-09-08 00:00:00,0.108114
2012-09-09 00:00:00,0.107456
2012-09-10 00:00:00,0.105624
2012-09-11 00:00:00,0.105376
2012-09-12 00:00:00,0.10538
2012-09-13 00:00:00,0.105427
2012-09-14 00:00:00,0.105449
2012-09-15 00:00:00,0.105458
2012-09-16 00:00:00,0.105469
2012-09-17 00:00:00,0.105497
2012-09-18 00:00:00,0.105532
2012-09-19 00:00:00,0.105555
2012-09-20 00:00:00,0.118562
2012-09-21 00:00:00,0.105633
2012-09-22 00:00:00,0.105668
2012-09-23 00:00:00,0.105696
2012-09-24 00:00:00,0.105712
2012-09-25 00:00:00,0.105722
2012-09-26 00:00:00,0.105742
2012-09-27 00:00:00,0.105767
2012-09-28 00:00:00,0.105789
2012-09-29 00:00:00,0.105803
2012-09-30 00:00:00,0.105826
2012-10-01 00:00:00,0.10585
2012-10-02 00:00:00,0.105872
2012-10-03 00:00:00,0.105893
2012-10-04 00:00:00,0.105919
2012-10-05 00:00:00,0.105959
2012-10-06 00:00:00,0.106008
2012-10-07 00:00:00,0.106051
2012-10-08 00:00:00,0.120272
2012-10-09 00:00:00,0.10612
2012-10-10 00:00:00,0.106162
2012-10-11 00:00:00,0.126208
2012-10-12 00:00:00,0.152707
2012-10-13 00:00:00,0.240871
2012-10-14 00:00:00,0.23725
2012-10-15 00:00:00,0.326157
2012-10-16 00:00:00,0.208626
2012-10-17 00:00:00,0.384303
2012-10-18 00:00:00,0.413471
2012-10-19 00:00:00,0.219656
2012-10-20 00:00:00,0.296398
2012-10-21 00:00:00,0.259252
2012-10-22 00:00:00,0.52335
2012-10-23 00:00:00,0.501157
2012-10-24 00:00:00,0.432918
2012-10-25 00:00:00,0.445746
2012-10-26 00:00:00,0.550664
2012-10-27 00:00:00,0.579063
2012-10-28 00:00:00,0.572432
2012-10-29 00:00:00,0.55551
2012-10-30 00:00:00,0.536668
2012-10-31 00:00:00,0.517567
2012-11-01 00:00:00,0.496427
2012-11-02 00:00:00,0.474154
2012-11-03 00:00:00,0.453939
2012-11-04 00:00:00,0.434582
2012-11-05 00:00:00,0.414326
2012-11-06 00:00:00,0.418917
2012-11-07 00:00:00,0.425009
2012-11-08 00:00:00,0.406067
2012-11-09 00:00:00,0.41605
2012-11-10 00:00:00,0.387788
2012-11-11 00:00:00,0.530805
2012-11-12 00:00:00,0.769958
2012-11-13 00:00:00,0.700547
2012-11-14 00:00:00,0.616721
2012-11-15 00:00:00,0.567997
2012-11-16 00:00:00,0.542223
2012-11-17 00:00:00,0.525035
2012-11-18 00:00:00,0.506829
2012-11-19 00:00:00,0.485367
2012-11-20 00:00:00,0.46062
2012-11-21 00:00:00,0.467801
2012-11-22 00:00:00,0.40307
2012-11-23 00:00:00,0.378202
2012-11-24 00:00:00,0.358893
2012-11-25 00:00:00,0.342496
2012-11-26 00:00:00,0.328068
2012-11-27 00:00:00,0.315406
2012-11-28 00:00:00,0.303748
2012-11-29 00:00:00,0.292722
2012-11-30 00:00:00,0.282399
2012-12-01 00:00:00,0.284626
2012-12-02 00:00:00,0.28867
2012-12-03 00:00:00,0.282063
2012-12-04 00:00:00,0.271411
2012-12-05 00:00:00,0.260613
2012-12-06 00:00:00,0.251445
2012-12-07 00:00:00,0.243303
2012-12-08 00:00:00,0.261539
2012-12-09 00:00:00,0.298408
2012-12-10 00:00:00,0.34227
2012-12-11 00:00:00,0.343334
2012-12-12 00:00:00,0.327696
2012-12-13 00:00:00,0.363846
2012-12-14 00:00:00,0.346371
2012-12-15 00:00:00,0.402313
2012-12-16 00:00:00,0.508978
2012-12-17 00:00:00,0.50806
2012-12-18 00:00:00,0.664872
2012-12-19 00:00:00,0.933683
2012-12-20 00:00:00,1.678282
2012-12-21 00:00:00,1.830958
2012-12-22 00:00:00,1.587271
2012-12-23 00:00:00,1.546065
2012-12-24 00:00:00,1.621352
2012-12-25 00:00:00,1.648813
2012-12-26 00:00:00,1.585691
2012-12-27 00:00:00,1.505969
2012-12-28 00:00:00,1.433658
2012-12-29 00:00:00,1.392158
2012-12-30 00:00:00,1.35454
2012-12-31 00:00:00,1.316933
2013-01-01 00:00:00,1.278881
2013-01-02 00:00:00,1.238273
2013-01-03 00:00:00,1.194708
2013-01-04 00:00:00,1.149489
2013-01-05 00:00:00,1.102635
2013-01-06 00:00:00,1.055821
2013-01-07 00:00:00,1.009988
2013-01-08 00:00:00,0.984235
2013-01-09 00:00:00,1.068782
2013-01-10 00:00:00,1.083941
2013-01-11 00:00:00,1.214784
2013-01-12 00:00:00,1.035705
2013-01-13 00:00:00,0.97594
2013-01-14 00:00:00,0.925421
2013-01-15 00:00:00,0.885838
2013-01-16 00:00:00,0.854343
2013-01-17 00:00:00,0.825825
2013-01-18 00:00:00,0.798257
2013-01-19 00:00:00,0.770089
2013-01-20 00:00:00,0.740348
2013-01-21 00:00:00,0.711498
2013-01-22 00:00:00,0.686079
2013-01-23 00:00:00,0.66169
2013-01-24 00:00:00,0.643373
2013-01-25 00:00:00,0.622596
2013-01-26 00:00:00,0.761458
2013-01-27 00:00:00,0.771994
2013-01-28 00:00:00,1.11722
2013-01-29 00:00:00,2.874347
2013-01-30 00:00:00,3.025944
2013-01-31 00:00:00,2.920374
2013-02-01 00:00:00,2.199815
2013-02-02 00:00:00,3.003842
2013-02-03 00:00:00,2.236397
2013-02-04 00:00:00,2.164134
2013-02-05 00:00:00,2.790916
2013-02-06 00:00:00,2.772642
2013-02-07 00:00:00,2.195345
2013-02-08 00:00:00,3.3561
2013-02-09 00:00:00,3.252131
2013-02-10 00:00:00,4.408767
2013-02-11 00:00:00,4.955239
2013-02-12 00:00:00,3.53879
2013-02-13 00:00:00,3.607308
2013-02-14 00:00:00,3.739066
2013-02-15 00:00:00,3.635146
2013-02-16 00:00:00,3.472795
2013-02-17 00:00:00,3.328206
2013-02-18 00:00:00,3.361928
2013-02-19 00:00:00,3.340301
2013-02-20 00:00:00,3.632612
2013-02-21 00:00:00,2.987576
2013-02-22 00:00:00,2.876571
2013-02-23 00:00:00,2.77604
2013-02-24 00:00:00,2.690317
2013-02-25 00:00:00,4.382829
2013-02-26 00:00:00,4.36902
2013-02-27 00:00:00,2.634906
2013-02-28 00:00:00,3.363025
2013-03-01 00:00:00,2.449413
2013-03-02 00:00:00,3.389397
2013-03-03 00:00:00,4.266838
2013-03-04 00:00:00,4.141415
2013-03-05 00:00:00,2.745118
2013-03-06 00:00:00,3.900311
2013-03-07 00:00:00,3.866626
2013-03-08 00:00:00,4.244403
2013-03-09 00:00:00,5.727583
2013-03-10 00:00:00,7.883488
2013-03-11 00:00:00,7.972922
2013-03-12 00:00:00,8.118323
2013-03-13 00:00:00,8.160834
2013-03-14 00:00:00,6.344105
2013-03-15 00:00:00,4.658679
2013-03-16 00:00:00,4.663117
2013-03-17 00:00:00,4.623067
2013-03-18 00:00:00,4.577884
2013-03-19 00:00:00,4.548476
2013-03-20 00:00:00,4.365878
2013-03-21 00:00:00,4.184877
2013-03-22 00:00:00,3.993338
2013-03-23 00:00:00,3.824918
2013-03-24 00:00:00,3.634225
2013-03-25 00:00:00,3.557217
2013-03-26 00:00:00,6.9487
2013-03-27 00:00:00,6.69726
2013-03-28 00:00:00,6.497943
2013-03-29 00:00:00,6.271107
2013-03-30 00:00:00,6.010477
2013-03-31 00:00:00,5.834067
2013-04-01 00:00:00,5.640643
2013-04-02 00:00:00,3.861874
2013-04-03 00:00:00,3.661857
2013-04-04 00:00:00,2.105397
2013-04-05 00:00:00,1.989169
2013-04-06 00:00:00,4.770106
2013-04-07 00:00:00,4.658271
2013-04-08 00:00:00,5.107528
2013-04-09 00:00:00,7.502025
2013-04-10 00:00:00,10.362198
2013-04-11 00:00:00,8.316803
2013-04-12 00:00:00,9.837538
2013-04-13 00:00:00,12.082933
2013-04-14 00:00:00,12.089603
2013-04-15 00:00:00,13.768127
2013-04-16 00:00:00,13.710156
2013-04-17 00:00:00,17.09132
2013-04-18 00:00:00,15.411036
2013-04-19 00:00:00,12.362945
2013-04-20 00:00:00,16.802551
2013-04-21 00:00:00,17.877502
2013-04-22 00:00:00,15.312698
2013-04-23 00:00:00,15.635029
2013-04-24 00:00:00,13.993157
2013-04-25 00:00:00,15.221436
2013-04-26 00:00:00,16.429144
2013-04-27 00:00:00,14.392291
2013-04-28 00:00:00,13.858995
2013-04-29 00:00:00,14.409845
2013-04-30 00:00:00,12.531018
2013-05-01 00:00:00,12.815477
2013-05-02 00:00:00,12.320421
2013-05-03 00:00:00,13.195928
2013-05-04 00:00:00,13.076167
2013-05-05 00:00:00,11.421732
2013-05-06 00:00:00,10.598986
2013-05-07 00:00:00,11.211346
2013-05-08 00:00:00,10.571188
2013-05-09 00:00:00,11.141751
2013-05-10 00:00:00,13.097467
2013-05-11 00:00:00,10.369126
2013-05-12 00:00:00,11.630479
2013-05-13 00:00:00,11.979943
2013-05-14 00:00:00,9.430637
2013-05-15 00:00:00,11.125702
2013-05-16 00:00:00,10.547831
2013-05-17 00:00:00,11.189483
2013-05-18 00:00:00,10.985978
2013-05-19 00:00:00,10.953966
2013-05-20 00:00:00,11.61281
2013-05-21 00:00:00,10.977001
2013-05-22 00:00:00,10.233134
2013-05-23 00:00:00,10.258196
2013-05-24 00:00:00,8.387172
2013-05-25 00:00:00,10.453794
2013-05-26 00:00:00,10.200568
2013-05-27 00:00:00,10.054572
2013-05-28 00:00:00,12.254559
2013-05-29 00:00:00,12.348184
2013-05-30 00:00:00,13.652413
2013-05-31 00:00:00,13.953411
2013-06-01 00:00:00,9.601942
2013-06-02 00:00:00,11.273334
2013-06-03 00:00:00,12.83701
2013-06-04 00:00:00,12.401998
2013-06-05 00:00:00,12.565021
2013-06-06 00:00:00,11.699632
2013-06-07 00:00:00,11.426773
2013-06-08 00:00:00,11.740894
2013-06-09 00:00:00,11.471382
2013-06-10 00:00:00,11.415645
2013-06-11 00:00:00,10.772061
2013-06-12 00:00:00,11.50988
2013-06-13 00:00:00,12.211612
2013-06-14 00:00:00,11.684389
2013-06-15 00:00:00,11.706263
2013-06-16 00:00:00,8.87295
2013-06-17 00:00:00,10.049956
2013-06-18 00:00:00,8.151019
2013-06-19 00:00:00,10.807729
2013-06-20 00:00:00,10.289008
2013-06-21 00:00:00,11.591178
2013-06-22 00:00:00,16.491184
2013-06-23 00:00:00,18.048793
2013-06-24 00:00:00,19.38633
2013-06-25 00:00:00,23.803143
2013-06-26 00:00:00,38.68922
2013-06-27 00:00:00,42.7856
2013-06-28 00:00:00,44.671715
2013-06-29 00:00:00,45.987366
2013-06-30 00:00:00,44.226543
2013-07-01 00:00:00,41.638467
2013-07-02 00:00:00,38.704184
2013-07-03 00:00:00,35.627277
2013-07-04 00:00:00,32.632543
2013-07-05 00:00:00,29.630045
2013-07-06 00:00:00,26.69945
2013-07-07 00:00:00,24.112495
2013-07-08 00:00:00,22.741591
2013-07-09 00:00:00,27.568911
2013-07-10 00:00:00,25.398152
2013-07-11 00:00:00,23.419403
2013-07-12 00:00:00,21.644016
2013-07-13 00:00:00,20.026954
2013-07-14 00:00:00,18.565771
2013-07-15 00:00:00,17.171663
2013-07-16 00:00:00,15.942577
2013-07-17 00:00:00,14.711585
2013-07-18 00:00:00,13.482949
2013-07-19 00:00:00,13.197994
2013-07-20 00:00:00,12.195678
2013-07-21 00:00:00,13.216013
2013-07-22 00:00:00,9.069326
2013-07-23 00:00:00,10.309769
2013-07-24 00:00:00,12.294617
2013-07-25 00:00:00,11.333281
2013-07-26 00:00:00,6.354592
2013-07-27 00:00:00,5.717877
2013-07-28 00:00:00,6.53953
2013-07-29 00:00:00,10.091914
2013-07-30 00:00:00,6.591485
2013-07-31 00:00:00,9.058141
2013-08-01 00:00:00,8.792582
2013-08-02 00:00:00,8.594605
2013-08-03 00:00:00,7.072649
2013-08-04 00:00:00,7.602047
2013-08-05 00:00:00,7.146722
2013-08-06 00:00:00,5.119443
2013-08-07 00:00:00,5.936692
2013-08-08 00:00:00,6.044256
2013-08-09 00:00:00,5.666545
2013-08-10 00:00:00,5.360622
2013-08-11 00:00:00,4.997303
2013-08-12 00:00:00,3.622842
2013-08-13 00:00:00,4.889016
2013-08-14 00:00:00,4.643108
2013-08-15 00:00:00,4.372081
2013-08-16 00:00:00,4.199759
2013-08-17 00:00:00,3.955452
2013-08-18 00:00:00,3.764654
2013-08-19 00:00:00,3.550801
2013-08-20 00:00:00,3.358871
2013-08-21 00:00:00,3.137273
2013-08-22 00:00:00,3.639425
2013-08-23 00:00:00,3.633966
2013-08-24 00:00:00,3.459099
2013-08-25 00:00:00,3.283512
2013-08-26 00:00:00,3.080661
2013-08-27 00:00:00,2.881166
2013-08-28 00:00:00,2.675345
2013-08-29 00:00:00,0.972783
2013-08-30 00:00:00,2.253453
2013-08-31 00:00:00,0.559581
2013-09-01 00:00:00,0.522824
2013-09-02 00:00:00,0.492535
2013-09-03 00:00:00,0.470521
2013-09-04 00:00:00,0.447799
2013-09-05 00:00:00,1.103372
2013-09-06 00:00:00,0.382794
2013-09-07 00:00:00,0.937156
2013-09-08 00:00:00,1.481916
2013-09-09 00:00:00,1.529908
2013-09-10 00:00:00,0.710777
2013-09-11 00:00:00,0.294278
2013-09-12 00:00:00,0.274767
2013-09-13 00:00:00,1.201419
2013-09-14 00:00:00,1.195963
2013-09-15 00:00:00,0.311477
2013-09-16 00:00:00,0.745318
2013-09-17 00:00:00,1.347863
2013-09-18 00:00:00,1.539018
2013-09-19 00:00:00,2.201695
2013-09-20 00:00:00,1.426613
2013-09-21 00:00:00,1.232217
2013-09-22 00:00:00,1.137061
2013-09-23 00:00:00,1.118576
2013-09-24 00:00:00,1.112748
2013-09-25 00:00:00,1.081731
2013-09-26 00:00:00,1.026663
2013-09-27 00:00:00,2.126632
2013-09-28 00:00:00,0.92196
2013-09-29 00:00:00,0.974949
2013-09-30 00:00:00,0.918922
2013-10-01 00:00:00,0.851621
2013-10-02 00:00:00,1.847367
2013-10-03 00:00:00,1.68484
2013-10-04 00:00:00,0.944853
2013-10-05 00:00:00,1.048768
2013-10-06 00:00:00,1.063771
2013-10-07 00:00:00,1.011821
2013-10-08 00:00:00,0.937939
2013-10-09 00:00:00,0.874984
2013-10-10 00:00:00,0.823354
2013-10-11 00:00:00,0.77372
2013-10-12 00:00:00,0.74338
2013-10-13 00:00:00,0.701597
2013-10-14 00:00:00,0.695187
2013-10-15 00:00:00,0.725023
2013-10-16 00:00:00,0.749582
2013-10-17 00:00:00,0.746179
2013-10-18 00:00:00,0.732497
2013-10-19 00:00:00,0.694121
2013-10-20 00:00:00,0.708094
2013-10-21 00:00:00,0.720384
2013-10-22 00:00:00,0.681743
2013-10-23 00:00:00,0.652589
2013-10-24 00:00:00,0.625821
2013-10-25 00:00:00,0.609692
2013-10-26 00:00:00,0.579942
2013-10-27 00:00:00,0.555992
2013-10-28 00:00:00,0.524805
2013-10-29 00:00:00,1.342362
2013-10-30 00:00:00,1.338733
2013-10-31 00:00:00,0.640138
2013-11-01 00:00:00,0.88181
2013-11-02 00:00:00,0.824441
2013-11-03 00:00:00,0.761898
2013-11-04 00:00:00,1.784992
2013-11-05 00:00:00,0.86978
2013-11-06 00:00:00,1.285621
2013-11-07 00:00:00,1.262383
2013-11-08 00:00:00,1.167463
2013-11-09 00:00:00,1.117437
2013-11-10 00:00:00,1.096557
2013-11-11 00:00:00,1.116771
2013-11-12 00:00:00,1.134306
2013-11-13 00:00:00,1.109191
2013-11-14 00:00:00,1.076713
2013-11-15 00:00:00,2.234704
2013-11-16 00:00:00,2.326089
2013-11-17 00:00:00,1.783815
2013-11-18 00:00:00,1.962406
2013-11-19 00:00:00,1.860664
2013-11-20 00:00:00,1.880362
2013-11-21 00:00:00,1.950052
2013-11-22 00:00:00,1.998673
2013-11-23 00:00:00,1.944183
2013-11-24 00:00:00,1.874962
2013-11-25 00:00:00,1.802226
2013-11-26 00:00:00,1.787559
2013-11-27 00:00:00,1.745331
2013-11-28 00:00:00,1.703132
2013-11-29 00:00:00,1.658252
2013-11-30 00:00:00,1.745606
2013-12-01 00:00:00,1.706101
2013-12-02 00:00:00,1.66577
2013-12-03 00:00:00,3.403614
2013-12-04 00:00:00,1.687917
2013-12-05 00:00:00,1.66412
2013-12-06 00:00:00,3.345849
2013-12-07 00:00:00,3.299559
2013-12-08 00:00:00,3.136933
2013-12-09 00:00:00,2.820729
2013-12-10 00:00:00,2.868445
2013-12-11 00:00:00,2.831359
2013-12-12 00:00:00,1.442091
2013-12-13 00:00:00,2.81701
2013-12-14 00:00:00,2.865102
2013-12-15 00:00:00,1.359741
2013-12-16 00:00:00,1.283837
2013-12-17 00:00:00,1.307578
2013-12-18 00:00:00,2.898913
2013-12-19 00:00:00,1.432359
2013-12-20 00:00:00,3.031039
2013-12-21 00:00:00,2.867446
2013-12-22 00:00:00,2.907103
2013-12-23 00:00:00,3.110251
2013-12-24 00:00:00,3.001836
2013-12-25 00:00:00,1.735443
2013-12-26 00:00:00,3.001201
2013-12-27 00:00:00,2.963821
2013-12-28 00:00:00,2.990287
2013-12-29 00:00:00,2.894564
2013-12-30 00:00:00,2.820603
2013-12-31 00:00:00,2.759873
2014-01-01 00:00:00,1.515309
2014-01-02 00:00:00,2.801851
2014-01-03 00:00:00,1.4301
2014-01-04 00:00:00,1.381387
2014-01-05 00:00:00,2.713784
2014-01-06 00:00:00,2.680964
2014-01-07 00:00:00,2.659989
2014-01-08 00:00:00,2.6387
2014-01-09 00:00:00,1.210396
2014-01-10 00:00:00,0.824289
2014-01-11 00:00:00,2.6564
2014-01-12 00:00:00,2.595714
2014-01-13 00:00:00,2.653081
2014-01-14 00:00:00,2.586182
2014-01-15 00:00:00,2.698055
2014-01-16 00:00:00,2.651229
2014-01-17 00:00:00,1.144162
2014-01-18 00:00:00,2.589498
2014-01-19 00:00:00,2.666803
2014-01-20 00:00:00,2.619191
2014-01-21 00:00:00,2.614138
2014-01-22 00:00:00,2.595609
2014-01-23 00:00:00,1.080321
2014-01-24 00:00:00,2.554574
2014-01-25 00:00:00,2.480646
2014-01-26 00:00:00,2.584166
2014-01-27 00:00:00,2.580194
2014-01-28 00:00:00,2.563747
2014-01-29 00:00:00,2.542264
2014-01-30 00:00:00,2.48163
2014-01-31 00:00:00,2.459245
2014-02-01 00:00:00,2.512935
2014-02-02 00:00:00,1.040315
2014-02-03 00:00:00,2.527418
2014-02-04 00:00:00,1.031856
2014-02-05 00:00:00,2.509301
2014-02-06 00:00:00,2.473755
2014-02-07 00:00:00,2.434284
2014-02-08 00:00:00,2.433177
2014-02-09 00:00:00,2.41591
2014-02-10 00:00:00,2.385849
2014-02-11 00:00:00,0.792885
2014-02-12 00:00:00,0.777311
2014-02-13 00:00:00,2.413591
2014-02-14 00:00:00,0.802613
2014-02-15 00:00:00,0.786286
2014-02-16 00:00:00,2.270559
2014-02-17 00:00:00,2.296294
2014-02-18 00:00:00,2.697805
2014-02-19 00:00:00,2.634894
2014-02-20 00:00:00,2.12983
2014-02-21 00:00:00,2.505492
2014-02-22 00:00:00,1.38042
2014-02-23 00:00:00,1.384621
2014-02-24 00:00:00,2.564186
2014-02-25 00:00:00,1.430306
2014-02-26 00:00:00,2.666934
2014-02-27 00:00:00,1.422009
2014-02-28 00:00:00,2.907113
2014-03-01 00:00:00,1.464714
2014-03-02 00:00:00,2.923288
2014-03-03 00:00:00,3.171213
2014-03-04 00:00:00,3.117416
2014-03-05 00:00:00,1.785889
2014-03-06 00:00:00,1.688413
2014-03-07 00:00:00,1.617215
2014-03-08 00:00:00,3.106483
2014-03-09 00:00:00,3.262047
2014-03-10 00:00:00,3.854059
2014-03-11 00:00:00,4.158341
2014-03-12 00:00:00,3.833024
2014-03-13 00:00:00,4.156574
2014-03-14 00:00:00,5.761109
2014-03-15 00:00:00,5.028632
2014-03-16 00:00:00,4.978519
2014-03-17 00:00:00,5.002045
2014-03-18 00:00:00,6.412409
2014-03-19 00:00:00,6.696677
2014-03-20 00:00:00,7.630762
2014-03-21 00:00:00,5.249714
2014-03-22 00:00:00,4.857518
2014-03-23 00:00:00,6.321624
2014-03-24 00:00:00,5.329735
2014-03-25 00:00:00,5.720697
2014-03-26 00:00:00,7.76317
2014-03-27 00:00:00,8.168152
2014-03-28 00:00:00,8.22741
2014-03-29 00:00:00,8.431024
2014-03-30 00:00:00,8.290108
2014-03-31 00:00:00,8.130459
2014-04-01 00:00:00,7.882606
2014-04-02 00:00:00,7.684551
2014-04-03 00:00:00,7.507316
2014-04-04 00:00:00,7.48561
2014-04-05 00:00:00,7.349502
2014-04-06 00:00:00,7.101927
2014-04-07 00:00:00,6.889461
2014-04-08 00:00:00,6.713012
2014-04-09 00:00:00,6.511137
2014-04-10 00:00:00,6.285951
2014-04-11 00:00:00,6.040137
2014-04-12 00:00:00,6.275714
2014-04-13 00:00:00,10.174629
2014-04-14 00:00:00,9.734647
2014-04-15 00:00:00,10.545623
2014-04-16 00:00:00,9.323091
2014-04-17 00:00:00,8.959703
2014-04-18 00:00:00,11.167709
2014-04-19 00:00:00,11.482299
2014-04-20 00:00:00,10.352109
2014-04-21 00:00:00,9.087446
2014-04-22 00:00:00,13.313005
2014-04-23 00:00:00,13.004815
2014-04-24 00:00:00,11.366661
2014-04-25 00:00:00,10.03323
2014-04-26 00:00:00,12.963852
2014-04-27 00:00:00,12.994384
2014-04-28 00:00:00,14.6278
2014-04-29 00:00:00,15.688654
2014-04-30 00:00:00,15.485606
2014-05-01 00:00:00,15.360024
2014-05-02 00:00:00,13.016511
2014-05-03 00:00:00,14.511774
2014-05-04 00:00:00,11.339553
2014-05-05 00:00:00,13.89234
2014-05-06 00:00:00,12.297477
2014-05-07 00:00:00,12.88288
2014-05-08 00:00:00,12.308472
2014-05-09 00:00:00,11.763981
2014-05-10 00:00:00,11.179305
2014-05-11 00:00:00,10.81465
2014-05-12 00:00:00,12.580336
2014-05-13 00:00:00,12.891206
2014-05-14 00:00:00,12.511146
2014-05-15 00:00:00,10.979856
2014-05-16 00:00:00,10.942236
2014-05-17 00:00:00,10.652034
2014-05-18 00:00:00,11.380982
2014-05-19 00:00:00,10.923065
2014-05-20 00:00:00,10.72898
2014-05-21 00:00:00,10.266879
2014-05-22 00:00:00,9.720422
2014-05-23 00:00:00,9.277002
2014-05-24 00:00:00,8.850886
2014-05-25 00:00:00,8.387244
2014-05-26 00:00:00,7.972089
2014-05-27 00:00:00,9.568585
2014-05-28 00:00:00,8.990309
2014-05-29 00:00:00,8.512588
2014-05-30 00:00:00,9.045718
2014-05-31 00:00:00,8.762211
2014-06-01 00:00:00,10.085668
2014-06-02 00:00:00,14.255609
2014-06-03 00:00:00,14.418184
2014-06-04 00:00:00,11.257484
2014-06-05 00:00:00,13.255332
2014-06-06 00:00:00,11.983931
2014-06-07 00:00:00,10.555831
2014-06-08 00:00:00,11.995397
2014-06-09 00:00:00,10.11959
2014-06-10 00:00:00,12.008848
2014-06-11 00:00:00,8.360864
2014-06-12 00:00:00,7.861516
2014-06-13 00:00:00,7.262946
2014-06-14 00:00:00,9.925099
2014-06-15 00:00:00,9.310299
2014-06-16 00:00:00,9.419881
2014-06-17 00:00:00,10.970424
2014-06-18 00:00:00,11.988604
2014-06-19 00:00:00,14.788269
2014-06-20 00:00:00,18.822203
2014-06-21 00:00:00,19.318437
2014-06-22 00:00:00,19.599918
2014-06-23 00:00:00,16.902447
2014-06-24 00:00:00,17.209461
2014-06-25 00:00:00,17.325423
2014-06-26 00:00:00,18.259518
2014-06-27 00:00:00,17.492182
2014-06-28 00:00:00,16.831309
2014-06-29 00:00:00,18.342319
2014-06-30 00:00:00,16.978111
2014-07-01 00:00:00,18.320808
2014-07-02 00:00:00,18.649619
2014-07-03 00:00:00,18.341807
2014-07-04 00:00:00,21.482364
2014-07-05 00:00:00,22.18557
2014-07-06 00:00:00,21.037084
2014-07-07 00:00:00,17.402565
2014-07-08 00:00:00,18.888122
2014-07-09 00:00:00,16.39605
2014-07-10 00:00:00,17.305273
2014-07-11 00:00:00,16.096253
2014-07-12 00:00:00,15.277539
2014-07-13 00:00:00,14.218536
2014-07-14 00:00:00,11.864405
2014-07-15 00:00:00,12.799916
2014-07-16 00:00:00,11.858375
2014-07-17 00:00:00,9.22331
2014-07-18 00:00:00,8.241958
2014-07-19 00:00:00,8.743337
2014-07-20 00:00:00,8.962369
2014-07-21 00:00:00,8.311846
2014-07-22 00:00:00,5.765222
2014-07-23 00:00:00,5.065161
2014-07-24 00:00:00,6.571701
2014-07-25 00:00:00,6.134057
2014-07-26 00:00:00,3.118377
2014-07-27 00:00:00,2.777741
2014-07-28 00:00:00,3.850566
2014-07-29 00:00:00,4.875907
2014-07-30 00:00:00,4.331607
2014-07-31 00:00:00,4.511858
2014-08-01 00:00:00,3.269752
2014-08-02 00:00:00,4.105516
2014-08-03 00:00:00,3.863695
2014-08-04 00:00:00,3.941119
2014-08-05 00:00:00,2.481423
2014-08-06 00:00:00,2.119856
2014-08-07 00:00:00,1.189601
2014-08-08 00:00:00,1.336838
2014-08-09 00:00:00,2.493221
2014-08-10 00:00:00,0.946446
2014-08-11 00:00:00,0.888306
2014-08-12 00:00:00,0.842089
2014-08-13 00:00:00,0.810604
2014-08-14 00:00:00,0.763387
2014-08-15 00:00:00,0.714577
2014-08-16 00:00:00,0.657164
2014-08-17 00:00:00,2.288168
2014-08-18 00:00:00,0.59505
2014-08-19 00:00:00,2.473697
2014-08-20 00:00:00,2.306337
2014-08-21 00:00:00,0.699057
2014-08-22 00:00:00,0.789218
2014-08-23 00:00:00,2.303207
2014-08-24 00:00:00,2.443983
2014-08-25 00:00:00,1.464745
2014-08-26 00:00:00,1.513375
2014-08-27 00:00:00,1.302744
2014-08-28 00:00:00,2.934471
2014-08-29 00:00:00,3.017984
2014-08-30 00:00:00,2.857744
2014-08-31 00:00:00,1.80545
2014-09-01 00:00:00,1.170781
2014-09-02 00:00:00,2.780603
2014-09-03 00:00:00,2.825408
2014-09-04 00:00:00,2.609196
2014-09-05 00:00:00,2.270865
2014-09-06 00:00:00,1.97959
2014-09-07 00:00:00,1.904693
2014-09-08 00:00:00,3.623001
2014-09-09 00:00:00,1.755114
2014-09-10 00:00:00,1.912125
2014-09-11 00:00:00,1.826492
2014-09-12 00:00:00,1.776875
2014-09-13 00:00:00,2.377817
2014-09-14 00:00:00,2.308735
2014-09-15 00:00:00,1.67199
2014-09-16 00:00:00,1.646451
2014-09-17 00:00:00,1.503715
2014-09-18 00:00:00,3.050076
2014-09-19 00:00:00,2.928025
2014-09-20 00:00:00,1.188481
2014-09-21 00:00:00,1.169261
2014-09-22 00:00:00,1.106127
2014-09-23 00:00:00,1.016088
2014-09-24 00:00:00,0.932028
2014-09-25 00:00:00,1.461093
2014-09-26 00:00:00,0.802482
2014-09-27 00:00:00,1.15886
2014-09-28 00:00:00,0.679692
2014-09-29 00:00:00,0.627471
2014-09-30 00:00:00,1.057546
2014-10-01 00:00:00,1.696547
2014-10-02 00:00:00,0.524564
2014-10-03 00:00:00,0.847718
2014-10-04 00:00:00,0.862224
2014-10-05 00:00:00,0.798119
2014-10-06 00:00:00,0.746768
2014-10-07 00:00:00,0.689047
2014-10-08 00:00:00,0.659195
2014-10-09 00:00:00,0.622617
2014-10-10 00:00:00,0.584951
2014-10-11 00:00:00,1.679294
2014-10-12 00:00:00,1.621481
2014-10-13 00:00:00,2.324726
2014-10-14 00:00:00,1.672515
2014-10-15 00:00:00,2.62973
2014-10-16 00:00:00,1.540697
2014-10-17 00:00:00,1.565565
2014-10-18 00:00:00,1.618694
2014-10-19 00:00:00,1.597236
2014-10-20 00:00:00,1.537489
2014-10-21 00:00:00,1.79757
2014-10-22 00:00:00,1.797193
2014-10-23 00:00:00,1.89784
2014-10-24 00:00:00,1.446882
2014-10-25 00:00:00,1.396047
2014-10-26 00:00:00,1.341107
2014-10-27 00:00:00,1.292078
2014-10-28 00:00:00,1.237562
2014-10-29 00:00:00,1.182118
2014-10-30 00:00:00,1.136545
2014-10-31 00:00:00,1.098519
2014-11-01 00:00:00,1.050909
2014-11-02 00:00:00,1.005613
2014-11-03 00:00:00,0.971737
2014-11-04 00:00:00,0.991461
2014-11-05 00:00:00,0.963873
2014-11-06 00:00:00,0.943441
2014-11-07 00:00:00,0.903938
2014-11-08 00:00:00,0.866282
2014-11-09 00:00:00,0.831362
2014-11-10 00:00:00,0.820371
2014-11-11 00:00:00,0.768393
2014-11-12 00:00:00,0.753902
2014-11-13 00:00:00,0.727818
2014-11-14 00:00:00,0.70764
2014-11-15 00:00:00,0.653754
2014-11-16 00:00:00,0.651703
2014-11-17 00:00:00,0.637202
2014-11-18 00:00:00,0.618926
2014-11-19 00:00:00,0.601182
2014-11-20 00:00:00,0.587717
2014-11-21 00:00:00,1.252493
2014-11-22 00:00:00,2.036697
2014-11-23 00:00:00,0.836494
2014-11-24 00:00:00,1.171285
2014-11-25 00:00:00,1.189347
2014-11-26 00:00:00,1.144589
2014-11-27 00:00:00,1.150341
2014-11-28 00:00:00,1.168556
2014-11-29 00:00:00,1.332569
2014-11-30 00:00:00,1.340855
2014-12-01 00:00:00,1.278323
2014-12-02 00:00:00,1.236622
2014-12-03 00:00:00,1.208368
2014-12-04 00:00:00,2.092377
2014-12-05 00:00:00,1.17278
2014-12-06 00:00:00,2.734935
2014-12-07 00:00:00,2.68675
2014-12-08 00:00:00,1.24673
2014-12-09 00:00:00,2.239871
2014-12-10 00:00:00,1.242245
2014-12-11 00:00:00,2.231315
2014-12-12 00:00:00,1.195817
2014-12-13 00:00:00,2.79417
2014-12-14 00:00:00,2.769789
2014-12-15 00:00:00,1.191404
2014-12-16 00:00:00,1.333228
2014-12-17 00:00:00,2.386163
2014-12-18 00:00:00,2.402341
2014-12-19 00:00:00,1.256063
2014-12-20 00:00:00,2.454477
2014-12-21 00:00:00,2.956719
2014-12-22 00:00:00,3.072342
2014-12-23 00:00:00,2.725309
2014-12-24 00:00:00,2.826701
2014-12-25 00:00:00,3.506008
2014-12-26 00:00:00,1.538248
2014-12-27 00:00:00,1.577707
2014-12-28 00:00:00,1.568038
2014-12-29 00:00:00,1.535561
2014-12-30 00:00:00,3.007607
2014-12-31 00:00:00,3.026247
2015-01-01 00:00:00,3.039421
2015-01-02 00:00:00,3.128789
2015-01-03 00:00:00,3.212516
2015-01-04 00:00:00,3.236651
2015-01-05 00:00:00,3.18451
2015-01-06 00:00:00,3.27685
2015-01-07 00:00:00,3.236896
2015-01-08 00:00:00,3.120045
2015-01-09 00:00:00,3.209473
2015-01-10 00:00:00,3.174309
2015-01-11 00:00:00,3.141158
2015-01-12 00:00:00,3.095806
2015-01-13 00:00:00,3.059536
2015-01-14 00:00:00,3.022912
2015-01-15 00:00:00,2.995759
2015-01-16 00:00:00,2.961749
2015-01-17 00:00:00,2.910445
2015-01-18 00:00:00,2.965844
2015-01-19 00:00:00,2.975563
2015-01-20 00:00:00,2.910419
2015-01-21 00:00:00,3.00518
2015-01-22 00:00:00,3.026016
2015-01-23 00:00:00,2.942002
2015-01-24 00:00:00,2.767883
2015-01-25 00:00:00,2.919842
2015-01-26 00:00:00,3.04091
2015-01-27 00:00:00,2.980482
2015-01-28 00:00:00,2.957868
2015-01-29 00:00:00,2.884215
2015-01-30 00:00:00,2.929763
2015-01-31 00:00:00,2.866909
2015-02-01 00:00:00,2.934849
2015-02-02 00:00:00,3.259658
2015-02-03 00:00:00,3.102119
2015-02-04 00:00:00,3.219107
2015-02-05 00:00:00,3.1777
2015-02-06 00:00:00,3.13639
2015-02-07 00:00:00,3.125997
2015-02-08 00:00:00,3.077986
2015-02-09 00:00:00,3.04543
2015-02-10 00:00:00,2.981799
2015-02-11 00:00:00,2.997391
2015-02-12 00:00:00,2.962915
2015-02-13 00:00:00,2.931362
2015-02-14 00:00:00,2.915993
2015-02-15 00:00:00,2.889222
2015-02-16 00:00:00,2.87176
2015-02-17 00:00:00,2.865352
2015-02-18 00:00:00,2.838016
2015-02-19 00:00:00,2.82007
2015-02-20 00:00:00,2.791933
2015-02-21 00:00:00,2.803198
2015-02-22 00:00:00,2.776123
2015-02-23 00:00:00,2.758472
2015-02-24 00:00:00,2.750046
2015-02-25 00:00:00,2.6535
2015-02-26 00:00:00,2.742773
2015-02-27 00:00:00,2.725231
2015-02-28 00:00:00,2.695317
2015-03-01 00:00:00,2.65717
2015-03-02 00:00:00,2.636524
2015-03-03 00:00:00,2.621942
2015-03-04 00:00:00,2.616347
2015-03-05 00:00:00,2.575644
2015-03-06 00:00:00,2.533672
2015-03-07 00:00:00,2.34912
2015-03-08 00:00:00,2.276474
2015-03-09 00:00:00,1.83141
2015-03-10 00:00:00,1.923678
2015-03-11 00:00:00,1.893139
2015-03-12 00:00:00,1.867285
2015-03-13 00:00:00,1.900187
2015-03-14 00:00:00,3.680879
2015-03-15 00:00:00,3.816275
2015-03-16 00:00:00,3.758417
2015-03-17 00:00:00,3.67105
2015-03-18 00:00:00,3.59866
2015-03-19 00:00:00,3.550381
2015-03-20 00:00:00,3.53433
2015-03-21 00:00:00,3.471213
2015-03-22 00:00:00,3.215959
2015-03-23 00:00:00,3.357658
2015-03-24 00:00:00,3.865287
2015-03-25 00:00:00,4.378764
2015-03-26 00:00:00,2.899175
2015-03-27 00:00:00,3.940623
2015-03-28 00:00:00,3.910187
2015-03-29 00:00:00,3.853036
2015-03-30 00:00:00,2.91515
2015-03-31 00:00:00,3.812787
2015-04-01 00:00:00,3.70941
2015-04-02 00:00:00,2.777616
2015-04-03 00:00:00,3.427773
2015-04-04 00:00:00,3.419679
2015-04-05 00:00:00,3.297331
2015-04-06 00:00:00,3.29465
2015-04-07 00:00:00,3.661146
2015-04-08 00:00:00,4.983374
2015-04-09 00:00:00,7.94309
2015-04-10 00:00:00,8.129153
2015-04-11 00:00:00,8.5027
2015-04-12 00:00:00,8.7626
2015-04-13 00:00:00,8.316336
2015-04-14 00:00:00,8.673401
2015-04-15 00:00:00,7.445229
2015-04-16 00:00:00,8.901161
2015-04-17 00:00:00,7.790809
2015-04-18 00:00:00,8.469087
2015-04-19 00:00:00,8.445111
2015-04-20 00:00:00,7.134732
2015-04-21 00:00:00,8.713439
2015-04-22 00:00:00,8.461392
2015-04-23 00:00:00,8.266117
2015-04-24 00:00:00,8.348536
2015-04-25 00:00:00,8.327751
2015-04-26 00:00:00,8.085969
2015-04-27 00:00:00,6.171163
2015-04-28 00:00:00,6.023445
2015-04-29 00:00:00,4.357672
2015-04-30 00:00:00,5.803763
2015-05-01 00:00:00,4.043551
2015-05-02 00:00:00,6.371039
2015-05-03 00:00:00,6.184028
2015-05-04 00:00:00,6.501013
2015-05-05 00:00:00,6.782929
2015-05-06 00:00:00,6.751468
2015-05-07 00:00:00,6.556793
2015-05-08 00:00:00,3.664661
2015-05-09 00:00:00,6.003011
2015-05-10 00:00:00,5.740246
2015-05-11 00:00:00,2.835353
2015-05-12 00:00:00,3.485441
2015-05-13 00:00:00,5.552996
2015-05-14 00:00:00,5.335348
2015-05-15 00:00:00,5.513405
2015-05-16 00:00:00,5.186775
2015-05-17 00:00:00,3.051769
2015-05-18 00:00:00,2.976202
2015-05-19 00:00:00,4.392914
2015-05-20 00:00:00,4.317839
2015-05-21 00:00:00,2.506865
2015-05-22 00:00:00,4.976843
2015-05-23 00:00:00,4.731673
2015-05-24 00:00:00,5.315951
2015-05-25 00:00:00,5.910173
2015-05-26 00:00:00,5.777938
2015-05-27 00:00:00,6.283759
2015-05-28 00:00:00,6.268053
2015-05-29 00:00:00,5.726873
2015-05-30 00:00:00,3.840675
2015-05-31 00:00:00,3.731266
2015-06-01 00:00:00,3.613126
2015-06-02 00:00:00,4.854193
2015-06-03 00:00:00,3.392093
2015-06-04 00:00:00,3.229165
2015-06-05 00:00:00,3.048501
2015-06-06 00:00:00,5.803175
2015-06-07 00:00:00,2.772551
2015-06-08 00:00:00,4.10736
2015-06-09 00:00:00,5.4453
2015-06-10 00:00:00,5.156778
2015-06-11 00:00:00,6.147323
2015-06-12 00:00:00,8.12865
2015-06-13 00:00:00,7.777079
2015-06-14 00:00:00,5.225134
2015-06-15 00:00:00,4.691942
2015-06-16 00:00:00,5.921504
2015-06-17 00:00:00,4.307815
2015-06-18 00:00:00,4.412072
2015-06-19 00:00:00,5.805876
2015-06-20 00:00:00,6.996765
2015-06-21 00:00:00,6.893578
2015-06-22 00:00:00,3.742504
2015-06-23 00:00:00,4.111536
2015-06-24 00:00:00,3.915176
2015-06-25 00:00:00,3.8415
2015-06-26 00:00:00,3.784046
2015-06-27 00:00:00,6.069228
2015-06-28 00:00:00,5.882098
2015-06-29 00:00:00,2.858358
2015-06-30 00:00:00,3.546393
2015-07-01 00:00:00,3.307023
2015-07-02 00:00:00,4.58609
2015-07-03 00:00:00,4.295735
2015-07-04 00:00:00,4.939214
2015-07-05 00:00:00,4.719689
2015-07-06 00:00:00,2.587206
2015-07-07 00:00:00,4.605365
2015-07-08 00:00:00,5.420184
2015-07-09 00:00:00,4.162921
2015-07-10 00:00:00,3.867655
2015-07-11 00:00:00,4.648098
2015-07-12 00:00:00,4.526133
2015-07-13 00:00:00,3.872815
2015-07-14 00:00:00,3.792731
2015-07-15 00:00:00,4.827075
2015-07-16 00:00:00,4.984361
2015-07-17 00:00:00,5.444896
2015-07-18 00:00:00,5.25995
2015-07-19 00:00:00,3.534893
2015-07-20 00:00:00,3.377235
2015-07-21 00:00:00,3.137793
2015-07-22 00:00:00,2.940953
2015-07-23 00:00:00,2.709315
2015-07-24 00:00:00,2.526132
2015-07-25 00:00:00,2.216045
2015-07-26 00:00:00,1.776872
2015-07-27 00:00:00,3.743436
2015-07-28 00:00:00,1.637958
2015-07-29 00:00:00,2.387589
2015-07-30 00:00:00,2.265277
2015-07-31 00:00:00,2.042394
2015-08-01 00:00:00,1.880433
2015-08-02 00:00:00,1.783815
2015-08-03 00:00:00,1.781187
2015-08-04 00:00:00,1.595106
2015-08-05 00:00:00,1.424152
2015-08-06 00:00:00,2.926527
2015-08-07 00:00:00,1.249657
2015-08-08 00:00:00,2.019528
2015-08-09 00:00:00,1.170637
2015-08-10 00:00:00,1.074154
2015-08-11 00:00:00,0.987302
2015-08-12 00:00:00,0.897791
2015-08-13 00:00:00,0.813447
2015-08-14 00:00:00,0.749367
2015-08-15 00:00:00,1.953164
2015-08-16 00:00:00,1.929876
2015-08-17 00:00:00,2.11961
2015-08-18 00:00:00,2.505306
2015-08-19 00:00:00,2.195755
2015-08-20 00:00:00,1.83203
2015-08-21 00:00:00,3.049961
2015-08-22 00:00:00,1.660268
2015-08-23 00:00:00,1.615525
2015-08-24 00:00:00,1.503344
2015-08-25 00:00:00,1.367542
2015-08-26 00:00:00,1.329392
2015-08-27 00:00:00,2.527601
2015-08-28 00:00:00,3.191039
2015-08-29 00:00:00,3.757341
2015-08-30 00:00:00,3.467682
2015-08-31 00:00:00,2.383705
2015-09-01 00:00:00,2.362583
2015-09-02 00:00:00,2.262242
2015-09-03 00:00:00,2.220438
2015-09-04 00:00:00,1.940484
2015-09-05 00:00:00,3.449819
2015-09-06 00:00:00,3.458573
2015-09-07 00:00:00,3.819228
2015-09-08 00:00:00,2.492658
2015-09-09 00:00:00,2.311563
2015-09-10 00:00:00,2.32262
2015-09-11 00:00:00,2.250656
2015-09-12 00:00:00,2.120337
2015-09-13 00:00:00,1.984249
2015-09-14 00:00:00,1.840324
2015-09-15 00:00:00,3.478917
2015-09-16 00:00:00,3.264648
2015-09-17 00:00:00,4.185491
2015-09-18 00:00:00,3.487724
2015-09-19 00:00:00,3.710977
2015-09-20 00:00:00,3.624008
2015-09-21 00:00:00,3.674913
2015-09-22 00:00:00,3.58949
2015-09-23 00:00:00,3.415393
2015-09-24 00:00:00,3.246065
2015-09-25 00:00:00,3.514079
2015-09-26 00:00:00,3.446933
2015-09-27 00:00:00,5.288437
2015-09-28 00:00:00,5.599461
2015-09-29 00:00:00,4.875492
2015-09-30 00:00:00,4.483281
2015-10-01 00:00:00,4.35835
2015-10-02 00:00:00,4.351012
2015-10-03 00:00:00,4.217346
2015-10-04 00:00:00,4.001956
2015-10-05 00:00:00,3.80021
2015-10-06 00:00:00,3.609183
2015-10-07 00:00:00,3.394703
2015-10-08 00:00:00,3.201405
2015-10-09 00:00:00,3.017604
2015-10-10 00:00:00,4.74929
2015-10-11 00:00:00,2.63047
2015-10-12 00:00:00,2.441671
2015-10-13 00:00:00,2.264127
2015-10-14 00:00:00,2.116648
2015-10-15 00:00:00,1.968321
2015-10-16 00:00:00,1.821023
2015-10-17 00:00:00,1.701238
2015-10-18 00:00:00,1.59249
2015-10-19 00:00:00,3.201667
2015-10-20 00:00:00,1.460118
2015-10-21 00:00:00,1.298328
2015-10-22 00:00:00,3.408684
2015-10-23 00:00:00,2.688742
2015-10-24 00:00:00,4.171922
2015-10-25 00:00:00,2.946341
2015-10-26 00:00:00,3.797941
2015-10-27 00:00:00,4.226731
2015-10-28 00:00:00,2.806861
2015-10-29 00:00:00,5.529678
2015-10-30 00:00:00,5.502378
2015-10-31 00:00:00,3.968116
2015-11-01 00:00:00,4.224899
2015-11-02 00:00:00,2.88607
2015-11-03 00:00:00,2.932843
2015-11-04 00:00:00,5.688776
2015-11-05 00:00:00,2.927113
2015-11-06 00:00:00,3.345099
2015-11-07 00:00:00,3.147383
2015-11-08 00:00:00,3.029248
2015-11-09 00:00:00,3.366022
2015-11-10 00:00:00,5.839645
2015-11-11 00:00:00,3.024071
2015-11-12 00:00:00,3.52704
2015-11-13 00:00:00,3.916025
2015-11-14 00:00:00,3.166123
2015-11-15 00:00:00,6.328391
2015-11-16 00:00:00,6.181442
2015-11-17 00:00:00,7.465415
2015-11-18 00:00:00,4.761786
2015-11-19 00:00:00,8.734883
2015-11-20 00:00:00,5.043713
2015-11-21 00:00:00,6.303361
2015-11-22 00:00:00,5.022571
2015-11-23 00:00:00,4.79193
2015-11-24 00:00:00,9.383674
2015-11-25 00:00:00,10.766845
2015-11-26 00:00:00,13.495388
2015-11-27 00:00:00,10.811097
2015-11-28 00:00:00,13.907238
2015-11-29 00:00:00,16.346315
2015-11-30 00:00:00,17.667706
2015-12-01 00:00:00,15.970905
2015-12-02 00:00:00,15.271262
2015-12-03 00:00:00,15.667019
2015-12-04 00:00:00,17.361632
2015-12-05 00:00:00,15.964397
2015-12-06 00:00:00,15.900656
2015-12-07 00:00:00,15.5259
2015-12-08 00:00:00,14.874059
2015-12-09 00:00:00,14.227906
2015-12-10 00:00:00,13.586094
2015-12-11 00:00:00,12.926036
2015-12-12 00:00:00,12.396791
2015-12-13 00:00:00,14.691973
2015-12-14 00:00:00,17.630619
2015-12-15 00:00:00,17.177702
2015-12-16 00:00:00,16.359576
2015-12-17 00:00:00,15.426095
2015-12-18 00:00:00,14.126011
2015-12-19 00:00:00,16.05621
2015-12-20 00:00:00,15.665244
2015-12-21 00:00:00,15.555782
2015-12-22 00:00:00,15.128668
2015-12-23 00:00:00,15.34174
2015-12-24 00:00:00,15.359557
2015-12-25 00:00:00,14.830137
2015-12-26 00:00:00,14.454697
2015-12-27 00:00:00,14.061421
2015-12-28 00:00:00,13.422557
2015-12-29 00:00:00,14.140529
2015-12-30 00:00:00,5.696302
