datetime,depth,ph,doc,no3no2,nh4,totnuf,totpuf,drsif,drp
1995-05-09T00:00:00Z,0,,,632,79,,84,,
1995-05-09T00:00:00Z,4,,,622,75,,86,,
1995-05-09T00:00:00Z,20,,,672,71,,84,,
1995-05-23T00:00:00Z,0,,,556,162,,98,260,63
1995-05-23T00:00:00Z,4,,,591,152,,81,260,56
1995-06-06T00:00:00Z,0,,,545,161,,72,400,53
1995-06-06T00:00:00Z,4,,,548,185,,74,400,54
1995-06-06T00:00:00Z,8,,,,,,81,,66
1995-06-06T00:00:00Z,10,,,,,,95,,70
1995-06-06T00:00:00Z,12,,,,,,92,,76
1995-06-06T00:00:00Z,14,,,,,,134,,112
1995-06-06T00:00:00Z,16,,,,,,157,,130
1995-06-06T00:00:00Z,18,,,,,,165,,141
1995-06-06T00:00:00Z,20,,,,,,218,,184
1995-06-06T00:00:00Z,22,,,,,,315,,232
1995-06-21T00:00:00Z,0,,,327,0,,60,500,0
1995-06-21T00:00:00Z,4,,,165,0,,37,500,0
1995-07-06T00:00:00Z,0,,,172,0,,46,1100,0
1995-07-06T00:00:00Z,4,,,186,30,,42,1100,0
1995-07-06T00:00:00Z,8,,,,,,39,,3
1995-07-06T00:00:00Z,10,,,,,,41,,0
1995-07-06T00:00:00Z,12,,,,,,49,,21
1995-07-06T00:00:00Z,14,,,,,,214,,197
1995-07-06T00:00:00Z,16,,,,,,194,,178
1995-07-06T00:00:00Z,18,,,,,,364,,360
1995-07-06T00:00:00Z,20,,,,,,375,,372
1995-07-06T00:00:00Z,22,,,,,,386,,380
1995-07-18T00:00:00Z,0,,,15,0,,30,1300,3
1995-07-18T00:00:00Z,4,,,0,0,,29,1300,5
1995-07-18T00:00:00Z,8,,,,,,,,
1995-07-18T00:00:00Z,9,,,,,,,,
1995-07-18T00:00:00Z,10,,,,,,,,
1995-07-18T00:00:00Z,11,,,,,,,,
1995-08-02T00:00:00Z,0,,,,0,,32,1400,2
1995-08-02T00:00:00Z,4,,,,0,,29,1400,2
1995-08-02T00:00:00Z,6,,,,,,,,
1995-08-02T00:00:00Z,7,,,,,,,,
1995-08-02T00:00:00Z,8,,,,,,32,,8
1995-08-02T00:00:00Z,8.5,,,,,,,,
1995-08-02T00:00:00Z,9,,,,,,,,
1995-08-02T00:00:00Z,10,,,,,,99,,66
1995-08-02T00:00:00Z,12,,,,,,235,,154
1995-08-02T00:00:00Z,14,,,,,,307,,262
1995-08-02T00:00:00Z,16,,,,,,343,,308
1995-08-02T00:00:00Z,18,,,,,,427,,408
1995-08-02T00:00:00Z,20,,,,,,343,,312
1995-08-02T00:00:00Z,22,,,,,,581,,520
1995-08-14T00:00:00Z,0,,,0,0,,23,1660,0
1995-08-14T00:00:00Z,4,,,0,0,,24,1650,0
1995-08-14T00:00:00Z,6,,,,,,,,
1995-08-14T00:00:00Z,7,,,,,,,,
1995-08-14T00:00:00Z,8,,,,,,,,
1995-08-14T00:00:00Z,12,,,,,,,,
1995-08-30T00:00:00Z,0,,,0,0,,20,1640,0
1995-08-30T00:00:00Z,4,,,0,0,,23,1790,0
1995-08-30T00:00:00Z,8,,,0,0,,21,1780,0
1995-08-30T00:00:00Z,9,,,,,,,,
1995-08-30T00:00:00Z,9.5,,,,,,,,
1995-08-30T00:00:00Z,10,,,0,588,,49,2000,21
1995-08-30T00:00:00Z,11.5,,,,,,,,
1995-08-30T00:00:00Z,12,,,0,1030,,212,2400,184
1995-08-30T00:00:00Z,14,,,0,1270,,312,2700,284
1995-08-30T00:00:00Z,16,,,0,1480,,376,3000,342
1995-08-30T00:00:00Z,18,,,0,1900,,460,3600,420
1995-08-30T00:00:00Z,20,,,0,2090,,520,3800,468
1995-08-30T00:00:00Z,22,,,0,1880,,474,3700,402
1995-09-11T00:00:00Z,0,,,0,64,,25,1600,0
1995-09-11T00:00:00Z,4,,,0,85,,32,1600,2
1995-09-11T00:00:00Z,10,,,,,,,,
1995-09-11T00:00:00Z,10.5,,,,,,,,
1995-09-11T00:00:00Z,11,,,,,,,,
1995-09-11T00:00:00Z,11.5,,,,,,,,
1995-09-25T00:00:00Z,0,,,0,213,,57,2010,25
1995-09-25T00:00:00Z,4,,,19,210,,59,1870,24
1995-09-25T00:00:00Z,13,,,,,,,,
1995-09-25T00:00:00Z,13.5,,,,,,,,
1995-09-25T00:00:00Z,14,,,,,,,,
1995-09-25T00:00:00Z,14.5,,,,,,,,
1995-10-11T00:00:00Z,0,,,12,355,,113,2100,79
1995-10-11T00:00:00Z,4,,,31,356,,109,2100,80
1995-10-11T00:00:00Z,18.5,,,,,,,,
1995-10-11T00:00:00Z,19,,,,,,,,
1995-10-11T00:00:00Z,19.5,,,,,,,,
1995-10-25T00:00:00Z,0,,,26,545,,146,1980,110
1995-10-25T00:00:00Z,4,,,58,537,,157,1890,111
1995-11-10T00:00:00Z,0,,,51,568,,142,700,
1995-11-10T00:00:00Z,4,,,107,559,,144,700,
1995-12-06T00:00:00Z,0,,,187,502,,122,100,93
1995-12-06T00:00:00Z,4,,,165,490,,124,100,93
1995-12-06T00:00:00Z,20,,,,,,,,
1996-02-06T00:00:00Z,1,8.2,6.4,239,543,,111,200,100
1996-02-06T00:00:00Z,4,8.2,6.4,235,550,,108,,98
1996-02-06T00:00:00Z,8,8.2,6.2,,,,110,,108
1996-02-06T00:00:00Z,12,,,,,,109,,100
1996-02-06T00:00:00Z,16,,,,,,113,,108
1996-02-06T00:00:00Z,20,7.4,6.4,236,1220,,275,2800,272
1996-04-09T00:00:00Z,0,8.4,,,,,123,,56
1996-04-09T00:00:00Z,4,8.6,,,,,125,,56
1996-04-17T00:00:00Z,0,7.7,6.4,657,191,,119,0,65
1996-04-17T00:00:00Z,4,8.3,6.3,646,185,,123,0,66
1996-05-01T00:00:00Z,0,8.4,6.4,635,241,,93,100,76
1996-05-01T00:00:00Z,4,8.5,6.5,632,232,,108,100,78
1996-05-01T00:00:00Z,8,8.4,6.2,,,,,,
1996-05-01T00:00:00Z,20,8.4,6.3,,,,,,
1996-05-14T00:00:00Z,0,8,,611,268,,106,320,87
1996-05-14T00:00:00Z,4,8.2,6.3,642,271,,99,300,83
1996-05-28T00:00:00Z,0,8.1,,554,182,,114,431,95
1996-05-28T00:00:00Z,4,8.1,,634,313,,109,424,95
1996-06-10T00:00:00Z,0,8.5,6.7,641,221,,97,503,68
1996-06-10T00:00:00Z,4,8.5,6.6,561,248,,104,479,74
1996-06-10T00:00:00Z,8,8.4,6.8,,,,106,,77
1996-06-10T00:00:00Z,10,,,,,,106,,82
1996-06-10T00:00:00Z,12,8.3,6.4,,,,112,,93
1996-06-10T00:00:00Z,14,,,,,,121,,102
1996-06-10T00:00:00Z,16,8.2,6.3,,,,147,,112
1996-06-10T00:00:00Z,18,,,,,,155,,
1996-06-10T00:00:00Z,20,7.8,6.8,,,,190,,158
1996-06-26T00:00:00Z,0,8.4,,623,190,,88,675,69
1996-06-26T00:00:00Z,4,8.4,,620,205,,88,698,66
1996-07-08T00:00:00Z,0,9.1,7.4,443,0,,68,756,23
1996-07-08T00:00:00Z,4,9.1,7.5,458,0,,65,695,24
1996-07-08T00:00:00Z,8,8.5,7,555,214,,118,883,83
1996-07-08T00:00:00Z,10,,,794,118,,118,874,105
1996-07-08T00:00:00Z,12,7.9,6.8,1020,0,,152,1220,139
1996-07-08T00:00:00Z,14,,,1040,46,,169,1360,151
1996-07-08T00:00:00Z,16,7.7,6.9,825,317,,208,1690,194
1996-07-08T00:00:00Z,18,,,537,642,,234,2010,224
1996-07-08T00:00:00Z,20,7.7,6.7,453,736,,248,2170,238
1996-07-08T00:00:00Z,22,,,296,945,,289,2420,274
1996-07-22T00:00:00Z,0,9,,144,0,,56,1020,0
1996-07-22T00:00:00Z,4,9,,150,0,,54,1020,0
1996-08-05T00:00:00Z,0,8.9,3.6,36,0,,35,1240,0
1996-08-05T00:00:00Z,4,8.9,3.5,23,0,,35,1270,0
1996-08-05T00:00:00Z,8,8.9,3.6,36,0,,37,1290,0
1996-08-05T00:00:00Z,10,7.6,,646,245,,188,1540,117
1996-08-05T00:00:00Z,12,,3.1,563,319,,222,1720,214
1996-08-05T00:00:00Z,14,,,573,334,,239,1800,238
1996-08-05T00:00:00Z,16,7.6,3,587,385,,265,1870,258
1996-08-05T00:00:00Z,18,,,197,782,,329,2300,318
1996-08-05T00:00:00Z,20,7.6,3.1,0,1160,,368,2660,378
1996-08-05T00:00:00Z,22,,,0,1560,,472,3100,462
1996-08-19T00:00:00Z,0,8.9,,0,0,,32,1400,2
1996-08-19T00:00:00Z,4,8.9,,0,0,,24,1360,0
1996-09-05T00:00:00Z,0,8.8,6.7,0,0,,14,1833,0
1996-09-05T00:00:00Z,4,8.8,6.2,0,0,,19,1439,0
1996-09-05T00:00:00Z,8,8.2,,33,74,,14,1586,2
1996-09-05T00:00:00Z,10,,,300,264,,72,1627,67
1996-09-05T00:00:00Z,12,7.5,6,323,418,,237,1857,195
1996-09-05T00:00:00Z,14,,,176,632,,301,2409,255
1996-09-05T00:00:00Z,16,7.4,6,0,1000,,385,2525,340
1996-09-05T00:00:00Z,18,,,0,1800,,516,3261,440
1996-09-05T00:00:00Z,20,7.3,6.7,0,2340,,569,3763,520
1996-09-05T00:00:00Z,22,,,0,2220,,582,3823,520
1996-09-16T00:00:00Z,0,8.6,,56,0,,29,2079,4
1996-09-16T00:00:00Z,4,8.6,,53,0,,32,1467,3
1996-10-16T00:00:00Z,0,8.3,,,311,,116,1680,89
1996-10-16T00:00:00Z,4,8.2,6.2,43,336,,104,1610,93
1996-10-16T00:00:00Z,8,,,,,,,,
1996-11-08T00:00:00Z,0,8.1,,81,524,,137,1340,126
1996-11-08T00:00:00Z,4,8.1,6.3,81,547,,135,1340,125
1996-11-08T00:00:00Z,8,8.1,5.4,,,,,,
1996-11-08T00:00:00Z,20,8.1,4.3,83,555,,134,1330,126
1996-11-25T00:00:00Z,0,8.6,6.4,130,549,,132,191,109
1996-11-25T00:00:00Z,4,8.6,6.8,130,542,,134,203,114
1997-01-14T00:00:00Z,1,8.3,,225,470,,137,181,99
1997-01-14T00:00:00Z,4,8.3,,240,472,,122,151,99
1997-02-17T00:00:00Z,1,8.5,6.4,230,491,,123,168,116
1997-02-17T00:00:00Z,4,8.5,,258,496,,122,167,117
1997-02-17T00:00:00Z,8,8.5,6.3,,,,,,
1997-02-17T00:00:00Z,12,,,,,,121,,114
1997-02-17T00:00:00Z,16,,,,,,121,,122
1997-02-17T00:00:00Z,20,8.2,6.2,378,587,,151,2369,234
1997-04-09T00:00:00Z,0,8.4,6.2,600,201,,148,0,99
1997-04-09T00:00:00Z,4,8.4,6.6,598,217,,154,0,99
1997-04-21T00:00:00Z,0,,,,,,134,,98
1997-04-21T00:00:00Z,4,,,,,,143,,99
1997-05-02T00:00:00Z,0,8.4,6.4,628,188,,123,140,96
1997-05-02T00:00:00Z,4,8.5,6.2,627,205,,150,138,96
1997-05-02T00:00:00Z,8,8.4,6.2,,,,,,
1997-05-02T00:00:00Z,20,8.5,6.3,,,,,,
1997-05-13T00:00:00Z,0,8.4,6.7,601,231,,120,244,103
1997-05-13T00:00:00Z,4,8.4,7,599,229,,128,230,105
1997-05-28T00:00:00Z,0,,,597,277,,155,371,105
1997-05-28T00:00:00Z,4,,,592,265,,160,395,105
1997-06-11T00:00:00Z,0,8.6,8.1,568,173,,110,422,81
1997-06-11T00:00:00Z,4,8.6,6.3,579,176,,119,405,89
1997-06-11T00:00:00Z,8,8.5,6.7,,,,121,,85
1997-06-11T00:00:00Z,10,,,,,,115,,93
1997-06-11T00:00:00Z,12,8.3,6.4,,,,121,,109
1997-06-11T00:00:00Z,14,,,,,,128,,119
1997-06-11T00:00:00Z,16,8.1,6,,,,154,,131
1997-06-11T00:00:00Z,18,,,,,,149,,138
1997-06-11T00:00:00Z,20,8.1,6.8,464,506,,177,992,146
1997-06-11T00:00:00Z,22,,,,,,174,,150
1997-06-25T00:00:00Z,0,,,439,94,,68,444,43
1997-06-25T00:00:00Z,4,,,455,87,,68,463,47
1997-07-09T00:00:00Z,0,8.6,7.1,402,106,,83,790,62
1997-07-09T00:00:00Z,4,8.8,6.7,415,94,,84,793,63
1997-07-09T00:00:00Z,8,8.6,7.4,,,,84,,66
1997-07-09T00:00:00Z,10,,,,,,149,,122
1997-07-09T00:00:00Z,12,7.4,6.4,,,,178,,179
1997-07-09T00:00:00Z,14,,,,,,214,,208
1997-07-09T00:00:00Z,16,7.7,6.7,,,,267,,246
1997-07-09T00:00:00Z,18,,,,,,305,,276
1997-07-09T00:00:00Z,20,7.7,6.9,277,800,,336,1910,324
1997-07-09T00:00:00Z,22,8.6,,,,,334,,326
1997-07-24T00:00:00Z,0,,,213,22,,54,1000,22
1997-07-24T00:00:00Z,4,,,205,25,,49,1030,21
1997-08-06T00:00:00Z,0,9.1,6.6,59,31,,35,1340,11
1997-08-06T00:00:00Z,4,9.1,6.2,63,35,,42,1320,13
1997-08-06T00:00:00Z,8,9,6.4,,,,39,,15
1997-08-06T00:00:00Z,10,,,,,,279,,248
1997-08-06T00:00:00Z,12,7.9,5.7,,,,283,,258
1997-08-06T00:00:00Z,14,,,,,,301,,286
1997-08-06T00:00:00Z,16,7.7,6.4,,,,,,
1997-08-06T00:00:00Z,18,,,,,,495,,430
1997-08-06T00:00:00Z,20,7.9,7.3,0,1780,,575,3060,520
1997-08-06T00:00:00Z,22,,,,,,45,,46
1997-08-18T00:00:00Z,0,,,21,16,,63,1460,15
1997-08-18T00:00:00Z,4,,,0,30,,47,1480,17
1997-09-02T00:00:00Z,0,9.1,6.8,0,0,,38,1530,5
1997-09-02T00:00:00Z,4,9.2,6.3,0,0,,36,1540,5
1997-09-02T00:00:00Z,8,9,6.6,,,,42,,19
1997-09-02T00:00:00Z,10,,,,,,182,,59
1997-09-02T00:00:00Z,12,7.8,,,,,331,,296
1997-09-02T00:00:00Z,14,,,,,,407,,346
1997-09-02T00:00:00Z,16,7.8,5.8,,,,411,,400
1997-09-02T00:00:00Z,18,,,,,,511,,510
1997-09-02T00:00:00Z,20,7.8,12.5,0,1900,,591,2570,0
1997-09-02T00:00:00Z,22,,,,,,598,,70
1997-10-01T00:00:00Z,0,8.8,6.2,0,100,,126,1488,65
1997-10-01T00:00:00Z,4,8.7,6.4,19,136,,104,1489,74
1997-10-01T00:00:00Z,20,7.5,5.9,0,2430,,721,3700,670
1997-10-30T00:00:00Z,0,8.5,6.3,39,442,,168,874,147
1997-10-30T00:00:00Z,4,8.4,6.2,27,430,,177,877,144
1997-11-30T00:00:00Z,0,8.2,6.5,103,478,,154,593,153
1997-11-30T00:00:00Z,4,8.2,6.3,103,465,,155,534,155
1997-11-30T00:00:00Z,8,8.2,6.5,,,,,,
1997-11-30T00:00:00Z,20,8.2,7.5,120,490,,161,596,156
1998-02-06T00:00:00Z,1,8.3,,243,507,,144,602,158
1998-02-06T00:00:00Z,4,8.4,,252,524,,143,609,156
1998-03-13T00:00:00Z,0,8.3,,364,239,,131,76,102
1998-03-13T00:00:00Z,4,6.3,,364,231,,137,46,107
1998-03-26T00:00:00Z,0,,,394,217,,138,264,91
1998-03-26T00:00:00Z,4,,,406,198,,137,31,91
1998-04-10T00:00:00Z,0,8.6,12.8,468,246,,144,303,111
1998-04-10T00:00:00Z,4,8.6,6.5,465,237,,150,264,109
1998-04-24T00:00:00Z,0,8.3,6.1,320,21,,84,194,41
1998-04-24T00:00:00Z,4,8.8,6,458,35,,172,234,64
1998-04-24T00:00:00Z,8,8.6,6.2,,,,,,
1998-04-24T00:00:00Z,20,8.5,5.9,427,298,,157,682,128
1998-05-11T00:00:00Z,0,,,454,265,,96,336,87
1998-05-11T00:00:00Z,4,,,445,252,,105,207,91
1998-05-28T00:00:00Z,0,8.7,7.3,463,176,,91,423,83
1998-05-28T00:00:00Z,4,8.7,6.5,457,180,,130,548,82
1998-06-08T00:00:00Z,0,8.6,6.8,433,159,,86,603,78
1998-06-08T00:00:00Z,4,8.6,7.2,431,165,,89,606,80
1998-06-08T00:00:00Z,8,8.6,6.7,,,,91,,79
1998-06-08T00:00:00Z,10,,,,,,120,,119
1998-06-08T00:00:00Z,12,8.4,8.5,,,,119,,119
1998-06-08T00:00:00Z,14,,,,,,122,,120
1998-06-08T00:00:00Z,16,8.2,10,,,,148,,154
1998-06-08T00:00:00Z,20,7.9,9.6,301,643,,292,2930,284
1998-06-22T00:00:00Z,0,,,311,0,,152,411,28
1998-06-22T00:00:00Z,4,,,379,108,,80,627,55
1998-07-06T00:00:00Z,0,9,7.1,93,26,,76,994,17
1998-07-06T00:00:00Z,4,9,7.1,89,21,,67,978,20
1998-07-06T00:00:00Z,8,8.4,7,,,,120,,90
1998-07-06T00:00:00Z,10,,,,,,122,,99
1998-07-06T00:00:00Z,12,8.3,6.6,,,,133,,105
1998-07-06T00:00:00Z,14,,,,,,140,,115
1998-07-06T00:00:00Z,16,8.2,7.2,,,,138,,100
1998-07-06T00:00:00Z,18,,,,,,274,,250
1998-07-06T00:00:00Z,20,7.8,10.9,270,694,,337,2910,300
1998-07-06T00:00:00Z,22,,,,,,346,,310
1998-07-23T00:00:00Z,0,,,10,0,,45,1235,3
1998-07-23T00:00:00Z,4,,,12,0,,53,1194,3
1998-08-02T00:00:00Z,0,9,15.5,0,0,,25,1300,1
1998-08-02T00:00:00Z,4,8.9,10.5,0,0,,28,1320,1
1998-08-02T00:00:00Z,8,8.5,7.2,,,,37,,10
1998-08-02T00:00:00Z,10,,,,,,107,,164
1998-08-02T00:00:00Z,12,7.8,6.1,,,,415,,200
1998-08-02T00:00:00Z,14,,,,,,487,,420
1998-08-02T00:00:00Z,16,7.8,6.4,,,,331,,300
1998-08-02T00:00:00Z,18,,,,,,471,,480
1998-08-02T00:00:00Z,20,7.4,6.5,0,1440,,494,3763,22
1998-08-02T00:00:00Z,22,,,,,,494,,460
1998-08-18T00:00:00Z,0,,,0,0,,27,,2
1998-08-18T00:00:00Z,4,,,0,0,,34,,2
1998-09-02T00:00:00Z,0,,6.4,11,15,,21,1590,0
1998-09-02T00:00:00Z,4,,6.7,0,0,,20,1620,0
1998-09-02T00:00:00Z,8,,6.2,,,,24,,0
1998-09-02T00:00:00Z,10,,,,,,26,,0
1998-09-02T00:00:00Z,12,,5.7,,,,348,,295
1998-09-02T00:00:00Z,14,,,,,,31,,2
1998-09-02T00:00:00Z,16,,5.9,,,,464,,340
1998-09-02T00:00:00Z,18,,,,,,34,,0
1998-09-02T00:00:00Z,20,,7.3,0,1970,,658,4800,540
1998-09-02T00:00:00Z,22,,,,,,678,,580
1998-09-28T00:00:00Z,0,,,0,38,,50,1720,9
1998-09-28T00:00:00Z,4,,,0,27,,41,2590,7
1998-10-27T00:00:00Z,0,8.5,6.8,45,257,,120,512,104
1998-10-27T00:00:00Z,4,8.5,6.5,44,261,,122,483,100
1998-10-27T00:00:00Z,8,8.4,6.8,,,,,,
1998-10-27T00:00:00Z,20,7.6,6.8,0,2560,,759,5370,720
1998-11-23T00:00:00Z,0,8.5,7,125,512,,148,203,137
1998-11-23T00:00:00Z,4,8.5,7.2,137,520,,162,200,135
1999-01-25T00:00:00Z,1,8.3,6,285,489,,132,562,128
1999-01-25T00:00:00Z,4,8.3,6,270,492,,135,459,130
1999-01-25T00:00:00Z,8,8.3,5.8,,,,149,,128
1999-01-25T00:00:00Z,12,,,,,,135,,130
1999-01-25T00:00:00Z,16,,,,,,140,,136
1999-01-25T00:00:00Z,20,7.8,5.7,422,826,,240,2950,232
1999-02-22T00:00:00Z,0,,,356,383,,137,548,123
1999-02-22T00:00:00Z,1,8.2,6,,,,,,
1999-02-22T00:00:00Z,4,8.2,5.9,356,375,,137,546,123
1999-02-22T00:00:00Z,8,,,,,,134,,121
1999-02-22T00:00:00Z,12,,,,,,134,,123
1999-02-22T00:00:00Z,16,,,,,,142,,128
1999-02-22T00:00:00Z,20,,,1100,880,,237,4600,211
1999-03-29T00:00:00Z,0,,,701,120,,140,607,106
1999-03-29T00:00:00Z,4,,,716,113,,149,625,109
1999-04-12T00:00:00Z,0,8.3,6.1,738,117,,115,141,94
1999-04-12T00:00:00Z,4,8.2,5.7,735,115,,113,119,96
1999-04-12T00:00:00Z,8,8.2,5.5,,,,124,,94
1999-04-12T00:00:00Z,12,8.2,5.8,,,,121,,94
1999-04-12T00:00:00Z,16,8.2,7.1,,,,116,,99
1999-04-12T00:00:00Z,20,8.2,5.9,738,114,,113,169,95
1999-04-26T00:00:00Z,0,,,725,130,,106,337,96
1999-04-26T00:00:00Z,4,,,729,140,,112,335,98
1999-05-10T00:00:00Z,0,8.3,,711,146,,109,480,88
1999-05-10T00:00:00Z,4,8.3,6.7,693,141,,112,527,92
1999-05-10T00:00:00Z,8,8.2,6.4,,,,112,,96
1999-05-10T00:00:00Z,12,8.2,,,,,116,,100
1999-05-10T00:00:00Z,16,8.2,6.3,,,,127,,110
1999-05-10T00:00:00Z,20,8.1,6.7,686,213,,129,739,112
1999-05-26T00:00:00Z,0,,,698,139,,106,660,86
1999-05-26T00:00:00Z,4,,,700,139,,109,616,86
1999-06-07T00:00:00Z,0,8.3,6.3,630,91,,97,620,76
1999-06-07T00:00:00Z,4,8.4,6.6,631,91,,137,653,78
1999-06-07T00:00:00Z,8,8.4,6.2,,,,99,,79
1999-06-07T00:00:00Z,10,8.2,6.1,,,,119,,99
1999-06-07T00:00:00Z,12,8.1,6,,,,129,,109
1999-06-07T00:00:00Z,14,8,6.1,,,,140,,111
1999-06-07T00:00:00Z,16,8,6,,,,145,,128
1999-06-07T00:00:00Z,18,7.9,5.9,,,,175,,152
1999-06-07T00:00:00Z,20,7.7,6.1,486,414,,202,2200,171
1999-06-07T00:00:00Z,22,7.7,6.1,,,,223,,182
1999-06-21T00:00:00Z,0,,,552,18,,81,752,50
1999-06-21T00:00:00Z,4,,,536,0,,87,700,55
1999-07-06T00:00:00Z,0,8.8,6.6,185,22,,74,1010,20
1999-07-06T00:00:00Z,4,8.9,6.6,191,23,,64,965,21
1999-07-06T00:00:00Z,8,8.8,6.8,,,,60,,28
1999-07-06T00:00:00Z,10,8.2,6.2,,,,135,,107
1999-07-06T00:00:00Z,12,7.8,5.8,,,,180,,173
1999-07-06T00:00:00Z,14,7.6,5.8,,,,229,,229
1999-07-06T00:00:00Z,16,7.5,5.9,,,,265,,265
1999-07-06T00:00:00Z,18,7.5,6,,,,295,,286
1999-07-06T00:00:00Z,20,7.5,6,294,863,,375,3190,341
1999-07-06T00:00:00Z,22,7.5,6.1,,,,388,,376
1999-07-19T00:00:00Z,0,,,13,0,,49,1250,5
1999-07-19T00:00:00Z,4,,,14,0,,48,1250,5
1999-08-02T00:00:00Z,0,8.8,5.9,0,0,,37,1390,0
1999-08-02T00:00:00Z,4,8.8,6,0,0,,37,1390,0
1999-08-02T00:00:00Z,8,8.8,6.1,,,,43,,0
1999-08-02T00:00:00Z,10,8,5.7,,,,121,,91
1999-08-02T00:00:00Z,12,7.7,5.9,,,,238,,210
1999-08-02T00:00:00Z,14,7.6,5.6,,,,297,,282
1999-08-02T00:00:00Z,16,7.6,5.7,,,,370,,350
1999-08-02T00:00:00Z,18,7.5,5.8,,,,405,,386
1999-08-02T00:00:00Z,20,7.5,5.5,0,1530,,527,3890,470
1999-08-02T00:00:00Z,22,7.4,5.4,,,,537,,500
1999-08-16T00:00:00Z,0,,,0,14,,40,1660,5
1999-08-16T00:00:00Z,4,,,0,13,,41,1700,5
1999-08-30T00:00:00Z,0,8.8,6.2,0,0,,34,1630,3
1999-08-30T00:00:00Z,4,8.8,6.4,0,0,,35,1570,3
1999-08-30T00:00:00Z,8,8.8,6.1,,,,34,,3
1999-08-30T00:00:00Z,10,8.8,6.2,,,,32,,3
1999-08-30T00:00:00Z,12,8.6,6.4,,,,64,,63
1999-08-30T00:00:00Z,14,7.8,5.8,,,,169,,346
1999-08-30T00:00:00Z,16,7.6,5.6,,,,372,,386
1999-08-30T00:00:00Z,18,7.5,6.2,,,,445,,382
1999-08-30T00:00:00Z,20,7.4,6,0,1830,,537,4070,522
1999-08-30T00:00:00Z,22,7.3,6.1,,,,1520,,370
1999-09-27T00:00:00Z,0,8.6,6,0,44,,64,1370,25
1999-09-27T00:00:00Z,4,8.6,6,0,48,,65,1450,25
1999-09-27T00:00:00Z,8,8.6,6.7,,,,,,
1999-09-27T00:00:00Z,20,7.4,6.7,10,2950,,710,4710,656
1999-09-27T00:00:00Z,22,,,,,,803,,734
1999-10-26T00:00:00Z,0,8.3,7.6,56,390,,136,73,96
1999-10-26T00:00:00Z,4,8.3,6.5,56,383,,135,51,96
1999-10-26T00:00:00Z,8,8.3,6.6,,,,,,
1999-10-26T00:00:00Z,20,8.3,6.3,57,381,,131,61,96
1999-11-22T00:00:00Z,0,8.1,6.7,98,538,,115,265,97
1999-11-22T00:00:00Z,4,8.1,6.5,77,540,,115,306,93
1999-11-22T00:00:00Z,8,8.1,6.3,,,,,,
1999-11-22T00:00:00Z,20,8.1,6.5,94,537,,116,249,96
2000-01-24T00:00:00Z,0,,,255,563,,117,566,101
2000-01-24T00:00:00Z,1,8.4,7.4,,,,,,
2000-01-24T00:00:00Z,4,8.3,7.4,267,568,,118,558,98
2000-01-24T00:00:00Z,8,8.3,6.6,,,,109,,97
2000-01-24T00:00:00Z,12,,,,,,108,,94
2000-01-24T00:00:00Z,16,,,,,,110,,97
2000-01-24T00:00:00Z,20,8.2,6.3,294,521,,115,970,97
2000-02-28T00:00:00Z,1,8.4,5.4,326,471,,111,609,91
2000-02-28T00:00:00Z,4,8.4,5.5,328,473,,117,623,95
2000-02-28T00:00:00Z,8,,,,,,113,,94
2000-02-28T00:00:00Z,12,,,,,,110,,94
2000-02-28T00:00:00Z,16,,,,,,113,,94
2000-02-28T00:00:00Z,20,,,575,810,,200,3070,166
2000-03-13T00:00:00Z,0,8.3,5.5,377,483,,111,1010,89
2000-03-13T00:00:00Z,4,8.3,5.6,408,484,,112,1040,90
2000-03-13T00:00:00Z,8,8.3,5.1,,,,117,,90
2000-03-13T00:00:00Z,12,8.3,5.3,,,,113,,89
2000-03-13T00:00:00Z,16,8.3,5.6,,,,114,,91
2000-03-13T00:00:00Z,20,8.3,5.3,404,476,,114,1050,90
2000-04-10T00:00:00Z,0,8.5,5.9,467,226,,94,0,53
2000-04-10T00:00:00Z,4,8.5,5.8,469,234,,94,0,53
2000-04-10T00:00:00Z,8,8.5,5.8,,,,96,,53
2000-04-10T00:00:00Z,12,8.5,5.8,,,,,,
2000-04-10T00:00:00Z,16,8.5,5.8,,,,,,
2000-04-10T00:00:00Z,20,8.5,5.9,449,258,,103,0,55
2000-04-25T00:00:00Z,0,,,449,242,,72,58,55
2000-04-25T00:00:00Z,4,,,471,245,,79,81,56
2000-05-09T00:00:00Z,0,8.6,6.8,464,192,,59,240,28
2000-05-09T00:00:00Z,4,8.6,6.5,469,187,,63,237,32
2000-05-09T00:00:00Z,8,8.4,6.3,,,,83,,62
2000-05-09T00:00:00Z,12,8.4,6.2,,,,87,,69
2000-05-09T00:00:00Z,16,8.4,6.4,,,,93,,76
2000-05-09T00:00:00Z,20,8.3,6.6,464,373,,99,513,82
2000-05-22T00:00:00Z,0,,,498,291,,80,591,58
2000-05-22T00:00:00Z,4,,,494,288,,79,558,57
2000-06-06T00:00:00Z,0,8.4,5.9,504,244,,93,773,70
2000-06-06T00:00:00Z,4,8.4,6,504,243,,96,759,70
2000-06-06T00:00:00Z,8,8.4,6,,,,93,,71
2000-06-06T00:00:00Z,10,8.4,6.2,,,,91,,70
2000-06-06T00:00:00Z,12,8.4,5.8,,,,90,,71
2000-06-06T00:00:00Z,14,8.4,5.8,,,,92,,71
2000-06-06T00:00:00Z,16,8.2,5.9,,,,112,,94
2000-06-06T00:00:00Z,18,8.1,5.9,,,,124,,105
2000-06-06T00:00:00Z,20,8,5.9,383,554,,144,1490,125
2000-06-06T00:00:00Z,22,7.9,6,,,,156,,134
2000-06-19T00:00:00Z,0,,,502,46,,107,1060,54
2000-06-19T00:00:00Z,4,,,479,58,,96,1100,53
2000-07-03T00:00:00Z,0,8.4,6.2,428,0,,79,1010,49
2000-07-03T00:00:00Z,4,8.4,6.2,414,81,,87,1020,50
2000-07-03T00:00:00Z,8,8.5,6.2,,,,77,,53
2000-07-03T00:00:00Z,10,8.3,5.6,,,,98,,81
2000-07-03T00:00:00Z,12,8.2,5.9,,,,97,,80
2000-07-03T00:00:00Z,14,7.8,5.7,,,,194,,178
2000-07-03T00:00:00Z,16,7.7,5.6,,,,200,,188
2000-07-03T00:00:00Z,18,7.6,5.7,,,,214,,187
2000-07-03T00:00:00Z,20,7.6,5.7,334,811,,259,2490,233
2000-07-03T00:00:00Z,22,7.6,5.7,,,,300,,271
2000-07-17T00:00:00Z,0,,,14,0,,47,976,2
2000-07-17T00:00:00Z,4,,,15,0,,45,960,2
2000-07-31T00:00:00Z,0,9.1,6.8,23,0,,48,1090,0
2000-07-31T00:00:00Z,4,9,6.7,12,0,,49,1070,0
2000-07-31T00:00:00Z,8,8.9,6.4,,,,50,,2
2000-07-31T00:00:00Z,10,8.8,6.3,,,,47,,11
2000-07-31T00:00:00Z,12,7.8,6.3,,,,191,,165
2000-07-31T00:00:00Z,14,7.8,5.8,,,,239,,218
2000-07-31T00:00:00Z,16,7.7,5.9,,,,289,,262
2000-07-31T00:00:00Z,18,7.7,6,,,,,,
2000-07-31T00:00:00Z,20,7.7,5.9,0,1580,,472,3370,412
2000-08-16T00:00:00Z,0,,,0,16,,40,970,0
2000-08-16T00:00:00Z,4,,,0,15,,39,920,0
2000-08-28T00:00:00Z,0,8.9,5.9,0,16,,42,1320,0
2000-08-28T00:00:00Z,4,8.9,5.7,0,14,,153,1090,2
2000-08-28T00:00:00Z,8,8.9,5.7,,,,43,,0
2000-08-28T00:00:00Z,10,8.7,5.7,,,,50,,10
2000-08-28T00:00:00Z,12,7.8,5.4,,,,186,,161
2000-08-28T00:00:00Z,14,7.7,5.4,,,,439,,413
2000-08-28T00:00:00Z,16,7.7,5.3,,,,410,,385
2000-08-28T00:00:00Z,18,7.6,5.6,,,,463,,434
2000-08-28T00:00:00Z,20,7.6,5.7,0,2290,,580,4130,538
2000-08-28T00:00:00Z,22,7.6,5.9,,,,606,,561
2000-09-25T00:00:00Z,0,8.6,5.7,11,225,,84,1070,56
2000-09-25T00:00:00Z,4,8.5,5.5,12,223,,87,1060,55
2000-09-25T00:00:00Z,8,8.6,5.6,,,,89,,55
2000-09-25T00:00:00Z,20,7.6,5.6,0,2670,,577,4260,560
2000-09-25T00:00:00Z,22,,,,,,624,,602
2000-10-24T00:00:00Z,0,8.3,5.5,63,472,,138,155,113
2000-10-24T00:00:00Z,4,8.2,5.5,52,472,,132,122,115
2000-10-24T00:00:00Z,8,8.2,5.6,,,,,,
2000-10-24T00:00:00Z,20,7.8,5.7,44,784,,209,831,178
2000-11-28T00:00:00Z,0,8.3,5.7,207,602,,137,736,123
2000-11-28T00:00:00Z,4,8.3,5.7,210,608,,137,741,124
2000-11-28T00:00:00Z,8,8.3,5.5,,,,,,
2000-11-28T00:00:00Z,20,8.3,5.6,205,604,,138,732,123
2001-01-17T00:00:00Z,0,,5.7,660,286,,134,1020,120
2001-01-17T00:00:00Z,1,8.1,,,,,,,
2001-01-17T00:00:00Z,4,8.1,5.7,673,249,,137,975,126
2001-01-17T00:00:00Z,8,8.1,5.5,,,,132,,124
2001-01-17T00:00:00Z,12,,,,,,141,,127
2001-01-17T00:00:00Z,16,,,,,,156,,144
2001-01-17T00:00:00Z,20,7.7,5.5,614,973,,251,3460,225
2001-03-07T00:00:00Z,0,,,829,0,,142,741,91
2001-03-07T00:00:00Z,1,8.3,5.8,,,,,,
2001-03-07T00:00:00Z,4,8.3,5.9,838,13,,140,802,93
2001-03-07T00:00:00Z,8,,,,,,129,,87
2001-03-07T00:00:00Z,12,,,,,,159,,144
2001-03-07T00:00:00Z,16,,,,,,178,,165
2001-03-07T00:00:00Z,20,,,2100,353,,133,5530,117
2001-04-10T00:00:00Z,0,,,797,48,,98,468,47
2001-04-10T00:00:00Z,4,,,801,46,,111,446,49
2001-04-23T00:00:00Z,0,8.5,5.9,802,50,,89,325,53
2001-04-23T00:00:00Z,4,8.5,6,804,51,,92,318,56
2001-04-23T00:00:00Z,8,8.5,6,,,,97,,56
2001-04-23T00:00:00Z,12,8.5,5.8,,,,91,,58
2001-04-23T00:00:00Z,16,8.5,5.8,,,,94,,54
2001-04-23T00:00:00Z,20,8.5,5.8,806,49,,90,273,54
2001-05-07T00:00:00Z,0,8.5,5.7,780,114,,82,395,71
2001-05-07T00:00:00Z,4,8.4,5.7,769,119,,92,403,73
2001-05-07T00:00:00Z,8,8.5,5.7,,,,92,,76
2001-05-07T00:00:00Z,12,8.4,5.8,,,,96,,77
2001-05-07T00:00:00Z,16,8.4,5.7,,,,99,,87
2001-05-07T00:00:00Z,20,8.3,5.6,734,220,,136,781,108
2001-05-21T00:00:00Z,0,,,726,116,,84,401,65
2001-05-21T00:00:00Z,4,,,749,131,,92,507,71
2001-06-04T00:00:00Z,0,8.5,5.1,667,183,,97,,72
2001-06-04T00:00:00Z,4,8.4,5.2,673,169,,98,737,74
2001-06-04T00:00:00Z,8,8.5,5.3,,,,102,,71
2001-06-04T00:00:00Z,10,8.5,5.4,,,,99,,75
2001-06-04T00:00:00Z,12,8.5,5.2,,,,96,,76
2001-06-04T00:00:00Z,14,8.3,5.2,,,,115,,87
2001-06-04T00:00:00Z,16,8,5.3,,,,114,,156
2001-06-04T00:00:00Z,18,7.9,5.1,,,,182,,151
2001-06-04T00:00:00Z,20,7.8,5.2,583,586,,193,2500,212
2001-06-04T00:00:00Z,22,7.8,5.5,,,,236,,227
2001-06-18T00:00:00Z,0,,,587,90,,91,974,60
2001-06-18T00:00:00Z,4,,,595,93,,90,1430,61
2001-07-02T00:00:00Z,0,8.9,,176,0,,63,1190,3
2001-07-02T00:00:00Z,4,8.9,,193,17,,64,1130,2
2001-07-02T00:00:00Z,8,8.3,,,,,96,,74
2001-07-02T00:00:00Z,10,8.1,,,,,110,,90
2001-07-02T00:00:00Z,12,8.1,,,,,182,,159
2001-07-02T00:00:00Z,14,7.9,,,,,202,,177
2001-07-02T00:00:00Z,16,7.9,,,,,228,,210
2001-07-02T00:00:00Z,18,7.8,,,,,289,,262
2001-07-02T00:00:00Z,20,7.8,,265,1030,,347,3430,317
2001-07-02T00:00:00Z,22,7.7,,,,,446,,402
2001-07-16T00:00:00Z,0,,,12,17,,26,1280,17
2001-07-16T00:00:00Z,4,,,0,17,,24,2520,73
2001-07-30T00:00:00Z,0,9.2,5.7,12,13,,28,1690,3
2001-07-30T00:00:00Z,4,9.1,6.7,0,0,,36,1540,3
2001-07-30T00:00:00Z,6,8.9,5.9,28,21,,30,1590,0
2001-07-30T00:00:00Z,8,8.2,5.4,,,,48,,32
2001-07-30T00:00:00Z,10,8,5.1,,,,161,,139
2001-07-30T00:00:00Z,12,7.9,4.9,,,,217,,194
2001-07-30T00:00:00Z,14,7.9,5.2,,,,262,,239
2001-07-30T00:00:00Z,16,7.9,5.2,,,,347,,308
2001-07-30T00:00:00Z,18,7.9,5.4,,,,387,,360
2001-07-30T00:00:00Z,20,7.8,5.7,14,1810,,475,4020,431
2001-07-30T00:00:00Z,22,7.8,5.8,,,,,,
2001-08-13T00:00:00Z,0,,,12,0,,35,1740,2
2001-08-13T00:00:00Z,4,,,11,13,,37,1730,2
2001-08-27T00:00:00Z,0,8.4,5.7,12,0,,32,1620,0
2001-08-27T00:00:00Z,4,8.6,5.7,11,13,,48,1660,0
2001-08-27T00:00:00Z,8,8.6,5.6,,,,27,,2
2001-08-27T00:00:00Z,10,8.4,5.3,,,,31,,12
2001-08-27T00:00:00Z,12,8.1,5,,,,89,,58
2001-08-27T00:00:00Z,14,7.7,5.1,,,,369,,349
2001-08-27T00:00:00Z,16,7.8,5.2,,,,419,,379
2001-08-27T00:00:00Z,18,7.5,5.3,,,,504,,474
2001-08-27T00:00:00Z,20,7.4,5.4,14,2620,,582,4980,350
2001-08-27T00:00:00Z,22,7.4,5.5,,,,643,,608
2001-09-26T00:00:00Z,0,8.5,5.5,21,180,,99,1520,49
2001-09-26T00:00:00Z,4,8.6,5.3,19,174,,96,1450,48
2001-09-26T00:00:00Z,8,8.6,5.4,,,,93,,48
2001-09-26T00:00:00Z,20,7.7,5.5,0,2890,,619,5550,603
2001-09-26T00:00:00Z,22,,,,,,690,,652
2001-10-22T00:00:00Z,0,8.6,5.4,37,602,,146,1190,125
2001-10-22T00:00:00Z,4,8.6,5.6,37,597,,147,1200,128
2001-10-22T00:00:00Z,8,8.6,5.6,,,,,,
2001-10-22T00:00:00Z,20,8.6,5.5,50,634,,155,1300,118
2001-11-26T00:00:00Z,0,8.6,5.6,185,668,,136,861,118
2001-11-26T00:00:00Z,4,8.7,,191,663,,136,872,118
2001-11-26T00:00:00Z,8,8.7,5.8,,,,,,
2001-11-26T00:00:00Z,20,8.7,5.7,195,679,,132,875,117
2002-03-28T00:00:00Z,0,8.5,5.6,941,0,,104,75,68
2002-03-28T00:00:00Z,4,8.5,5.5,865,0,,103,102,68
2002-03-28T00:00:00Z,8,8.5,5.6,,,,105,,68
2002-03-28T00:00:00Z,12,8.5,5.4,,,,106,,68
2002-03-28T00:00:00Z,16,8.5,5.5,,,,104,,68
2002-03-28T00:00:00Z,20,8.5,5.4,945,0,,104,122,67
2002-04-08T00:00:00Z,0,,,982,21,,96,0,56
2002-04-08T00:00:00Z,4,,,991,19,,98,0,56
2002-04-24T00:00:00Z,0,8.7,5.4,964,48,,75,43,54
2002-04-24T00:00:00Z,4,8.7,5.3,941,48,,76,38,55
2002-04-24T00:00:00Z,8,8.7,5.1,,,,76,,54
2002-04-24T00:00:00Z,12,8.7,5.2,,,,78,,53
2002-04-24T00:00:00Z,16,8.7,5.3,,,,77,,54
2002-04-24T00:00:00Z,20,8.7,5.3,948,51,,76,57,54
2002-05-06T00:00:00Z,0,,,912,105,,83,160,64
2002-05-06T00:00:00Z,4,,,888,120,,86,127,65
2002-05-20T00:00:00Z,0,8.5,5.3,868,144,,93,459,73
2002-05-20T00:00:00Z,4,8.5,5.4,884,146,,97,420,72
2002-05-20T00:00:00Z,8,8.5,5.2,,,,92,,69
2002-05-20T00:00:00Z,12,8.5,5.2,,,,94,,69
2002-05-20T00:00:00Z,16,8.5,5.3,,,,98,,69
2002-05-20T00:00:00Z,20,8.5,5.3,871,176,,100,540,72
2002-06-03T00:00:00Z,0,,,827,130,,80,564,63
2002-06-03T00:00:00Z,4,,,800,130,,81,542,63
2002-06-18T00:00:00Z,0,8.6,5.9,780,130,,70,575,51
2002-06-18T00:00:00Z,4,8.6,5.3,799,126,,69,571,52
2002-06-18T00:00:00Z,8,8.5,5.3,,,,80,,65
2002-06-18T00:00:00Z,10,8.3,5.2,,,,94,,78
2002-06-18T00:00:00Z,12,8.2,5.3,,,,131,,115
2002-06-18T00:00:00Z,14,8.1,5,,,,142,,123
2002-06-18T00:00:00Z,16,8,5.4,,,,148,,128
2002-06-18T00:00:00Z,18,7.9,5.4,,,,156,,139
2002-06-18T00:00:00Z,20,8,5.3,624,558,,166,2300,147
2002-06-18T00:00:00Z,22,8,5.3,,,,166,,148
2002-07-01T00:00:00Z,0,,,511,28,,34,906,0
2002-07-01T00:00:00Z,4,,,507,13,,33,905,0
2002-07-15T00:00:00Z,0,9,6.3,159,0,,20,1320,0
2002-07-15T00:00:00Z,4,9,6.2,153,0,,23,1250,0
2002-07-15T00:00:00Z,6,8.9,5.8,,,,25,,0
2002-07-15T00:00:00Z,8,8.6,5.6,,,,101,,0
2002-07-15T00:00:00Z,10,8,6.1,,,,154,,127
2002-07-15T00:00:00Z,12,7.9,5.5,,,,175,,149
2002-07-15T00:00:00Z,14,7.9,5.5,,,,160,,140
2002-07-15T00:00:00Z,16,7.9,5.4,,,,193,,172
2002-07-15T00:00:00Z,18,7.8,5.2,,,,322,,287
2002-07-15T00:00:00Z,20,7.8,5.2,342,799,,369,3540,324
2002-07-15T00:00:00Z,22,7.8,5.7,,,,408,,364
2002-07-26T00:00:00Z,0,,,47,14,,24,1350,
2002-07-26T00:00:00Z,4,,,48,16,,27,1470,
2002-08-12T00:00:00Z,0,9.3,5.8,0,0,,25,1660,0
2002-08-12T00:00:00Z,4,9.3,6.1,0,0,,23,1660,0
2002-08-12T00:00:00Z,8,9.3,5.9,,,,18,,0
2002-08-12T00:00:00Z,10,8,5.5,,,,23,,0
2002-08-12T00:00:00Z,12,7.9,5.2,,,,118,,93
2002-08-12T00:00:00Z,14,7.9,5.1,,,,214,,177
2002-08-12T00:00:00Z,16,7.8,5.3,,,,326,,252
2002-08-12T00:00:00Z,18,7.8,5.3,,,,365,,338
2002-08-12T00:00:00Z,20,7.8,5.6,0,1400,,499,4360,464
2002-08-12T00:00:00Z,22,7.8,5.6,,,,39,,491
2002-08-26T00:00:00Z,0,,,0,0,,19,1690,0
2002-08-26T00:00:00Z,4,,,0,14,,21,1760,0
2002-09-23T00:00:00Z,0,7.6,6.8,0,0,,24,1980,0
2002-09-23T00:00:00Z,4,8.9,7,118,0,,27,1990,0
2002-09-23T00:00:00Z,8,9.1,7.1,,,,26,,0
2002-09-23T00:00:00Z,20,8,5.9,0,1870,,571,4570,487
2002-09-23T00:00:00Z,22,7.9,5.8,,,,643,,593
2002-10-21T00:00:00Z,0,7.8,5.5,0,381,,124,2630,100
2002-10-21T00:00:00Z,4,8,5.8,0,389,,126,2630,99
2002-10-21T00:00:00Z,8,8.1,5.5,,,,118,,98
2002-10-21T00:00:00Z,20,8.2,5.7,27,342,,106,2600,82
2002-10-21T00:00:00Z,22,,,,,,106,,84
2002-11-18T00:00:00Z,0,7.5,5.8,113,407,,102,2640,86
2002-11-18T00:00:00Z,4,7.6,5.5,116,411,,99,2640,87
2002-11-18T00:00:00Z,8,7.9,5.7,,,,103,,86
2002-11-18T00:00:00Z,20,8,5.5,118,392,,101,2590,85
2002-11-18T00:00:00Z,22,,,,,,100,,83
2003-01-21T00:00:00Z,0,8.7,7.7,306,374,,91,2350,78
2003-01-21T00:00:00Z,4,8.7,6,298,368,,91,2270,78
2003-01-21T00:00:00Z,8,8.6,5.5,,,,90,,73
2003-01-21T00:00:00Z,12,,,,,,85,,75
2003-01-21T00:00:00Z,16,,,,,,84,,74
2003-01-21T00:00:00Z,20,8.5,5.6,360,352,,91,2390,76
2003-04-03T00:00:00Z,0,,,402,330,,83,2320,68
2003-04-03T00:00:00Z,4,,,404,336,,83,2260,66
2003-04-14T00:00:00Z,0,8.7,5.6,444,245,,78,1780,46
2003-04-14T00:00:00Z,4,8.7,5.4,450,244,,84,1590,50
2003-04-14T00:00:00Z,8,8.8,5.7,,,,,,
2003-04-14T00:00:00Z,12,8.7,5.6,,,,,,
2003-04-14T00:00:00Z,16,8.8,5.3,,,,,,
2003-04-14T00:00:00Z,20,8.7,5.5,452,237,,79,1680,50
2003-04-28T00:00:00Z,0,,,429,120,,48,395,31
2003-04-28T00:00:00Z,4,,,444,134,,51,411,31
2003-05-13T00:00:00Z,0,8.8,5.9,449,210,,52,610,40
2003-05-13T00:00:00Z,4,8.8,5.7,450,210,,68,642,39
2003-05-13T00:00:00Z,8,8.8,5.9,,,,,,
2003-05-13T00:00:00Z,12,8.8,5.8,,,,,,
2003-05-13T00:00:00Z,16,8.8,5.7,,,,,,
2003-05-13T00:00:00Z,20,8.7,5.7,448,207,,57,515,39
2003-05-27T00:00:00Z,0,,,,,,,686,28
2003-05-27T00:00:00Z,4,,,,,,,654,30
2003-06-09T00:00:00Z,0,9.1,6.2,352,37,,36,660,6
2003-06-09T00:00:00Z,4,9.2,6.4,370,31,,39,626,6
2003-06-09T00:00:00Z,8,9.2,6.3,,,,33,,5
2003-06-09T00:00:00Z,10,8.9,6.4,,,,44,,25
2003-06-09T00:00:00Z,12,8.6,5.9,,,,81,,61
2003-06-09T00:00:00Z,14,8.5,6.2,,,,89,,72
2003-06-09T00:00:00Z,16,8.4,5.7,,,,101,,81
2003-06-09T00:00:00Z,18,8.2,6.2,,,,,,
2003-06-09T00:00:00Z,20,8.2,5.9,349,42,,135,1770,112
2003-06-09T00:00:00Z,22,8.1,5.9,,,,151,,134
2003-06-23T00:00:00Z,0,,,137,14,,22,625,2
2003-06-23T00:00:00Z,4,,,166,15,,28,603,2
2003-07-07T00:00:00Z,0,9.3,,121,37,,21,991,0
2003-07-07T00:00:00Z,4,9.3,,121,47,,23,983,0
2003-07-07T00:00:00Z,8,9,5.8,199,175,,27,1200,4
2003-07-07T00:00:00Z,10,8.6,,297,336,,58,1530,40
2003-07-07T00:00:00Z,12,8.3,,309,483,,134,1970,111
2003-07-07T00:00:00Z,14,8.2,,335,554,,175,2110,151
2003-07-07T00:00:00Z,16,8.1,,253,721,,230,2380,207
2003-07-07T00:00:00Z,18,8,5.2,258,777,,246,2480,215
2003-07-07T00:00:00Z,20,8,,198,901,,284,2690,240
2003-07-07T00:00:00Z,22,8,,159,932,,312,2860,273
2003-07-24T00:00:00Z,0,,,121,58,,24,1140,3
2003-07-24T00:00:00Z,4,,,127,55,,23,1160,4
2003-08-04T00:00:00Z,0,9.5,7.1,79,0,,21,1280,3
2003-08-04T00:00:00Z,4,9.5,7.1,80,0,,20,1290,3
2003-08-04T00:00:00Z,6,9.5,8,,,,,,
2003-08-04T00:00:00Z,8,9.2,6.1,136,65,,18,1420,3
2003-08-04T00:00:00Z,10,8.9,6,220,181,,30,1710,10
2003-08-04T00:00:00Z,12,8.3,5.7,375,442,,152,2490,134
2003-08-04T00:00:00Z,14,8.1,5.4,252,687,,225,2620,212
2003-08-04T00:00:00Z,16,8.1,5.4,74,903,,303,2880,276
2003-08-04T00:00:00Z,18,8,5.5,0,1050,,332,3010,303
2003-08-04T00:00:00Z,20,8,5.6,0,1260,,387,3330,354
2003-08-04T00:00:00Z,22,8,5.9,0,1630,,486,3910,446
2003-08-18T00:00:00Z,0,,,0,0,,20,1450,7
2003-08-18T00:00:00Z,4,,,0,0,,20,1470,0
2003-09-02T00:00:00Z,0,9.1,5.8,0,0,,17,1630,0
2003-09-02T00:00:00Z,4,8.9,5.8,0,0,,13,1580,0
2003-09-02T00:00:00Z,8,8.9,5.8,,,,,,
2003-09-02T00:00:00Z,20,7.6,5.3,0,1920,,520,4380,479
2003-09-29T00:00:00Z,0,8.8,5.7,5,123,,40,1910,18
2003-09-29T00:00:00Z,4,8.7,5.6,5,132,,46,1920,21
2003-09-29T00:00:00Z,8,8.7,5.7,,,,,,
2003-09-29T00:00:00Z,20,7.6,5.2,1,2190,,600,4600,1440
2003-10-27T00:00:00Z,0,8.3,5.6,0,451,,126,2180,104
2003-10-27T00:00:00Z,4,8.3,5.7,0,452,,129,2190,103
2003-10-27T00:00:00Z,8,8.3,5.6,,,,,,
2003-10-27T00:00:00Z,20,8.3,5.9,0,460,,133,2170,105
2003-11-25T00:00:00Z,0,8.4,5.7,124,473,,121,2340,95
2003-11-25T00:00:00Z,4,8.4,5.8,122,477,,122,2380,100
2003-11-25T00:00:00Z,8,8.4,6,121,478,,121,2390,101
2003-11-25T00:00:00Z,20,8.4,5.9,127,467,,118,2380,99
2004-02-03T00:00:00Z,0,8.4,5.6,327,411,,113,2510,97
2004-02-03T00:00:00Z,4,8.3,5.6,319,413,,103,2480,96
2004-02-03T00:00:00Z,8,8.3,5.5,326,432,,102,2440,95
2004-02-03T00:00:00Z,12,,,325,433,,99,2410,93
2004-02-03T00:00:00Z,16,,,408,426,,102,2610,95
2004-02-03T00:00:00Z,20,8.2,5.2,485,514,,104,2850,97
2004-03-29T00:00:00Z,0,,,566,241,,113,2410,61
2004-03-29T00:00:00Z,4,,,567,237,,154,2430,61
2004-04-12T00:00:00Z,0,8.6,6,550,56,,85,151,39
2004-04-12T00:00:00Z,4,8.6,5.9,531,57,,91,167,40
2004-04-12T00:00:00Z,8,8.6,5.7,,,,,,
2004-04-12T00:00:00Z,12,8.6,5.8,,,,,,
2004-04-12T00:00:00Z,16,8.5,,,,,,,
2004-04-12T00:00:00Z,20,8.5,5.8,564,132,,84,606,47
2004-04-28T00:00:00Z,0,,,562,117,,66,211,46
2004-04-28T00:00:00Z,4,,,539,125,,68,231,51
2004-05-10T00:00:00Z,0,8.5,7.2,556,184,,70,402,50
2004-05-10T00:00:00Z,4,8.5,6,540,190,,81,435,55
2004-05-10T00:00:00Z,8,8.5,5.9,,,,,,
2004-05-10T00:00:00Z,12,8.5,6.2,,,,,,
2004-05-10T00:00:00Z,16,8.6,6.3,,,,,,
2004-05-10T00:00:00Z,20,8.4,6.1,526,263,,93,763,69
2004-05-24T00:00:00Z,0,,,498,140,,67,488,45
2004-05-24T00:00:00Z,4,,,495,139,,71,503,47
2004-06-07T00:00:00Z,0,8.4,5.7,565,148,,74,968,49
2004-06-07T00:00:00Z,4,8.4,5.6,567,139,,75,910,54
2004-06-07T00:00:00Z,8,8.5,5.5,573,145,,79,885,60
2004-06-07T00:00:00Z,10,8.4,5.5,542,158,,72,921,57
2004-06-07T00:00:00Z,12,8.3,5.5,502,254,,89,1310,72
2004-06-07T00:00:00Z,14,8.1,5.4,450,353,,119,1750,103
2004-06-07T00:00:00Z,16,8.2,5.4,442,421,,120,1650,104
2004-06-07T00:00:00Z,18,8.1,5.3,427,471,,134,1860,121
2004-06-07T00:00:00Z,20,8.1,5.3,417,476,,139,2010,128
2004-06-07T00:00:00Z,22,8,5.6,402,510,,145,2100,128
2004-06-21T00:00:00Z,0,,,493,72,,62,865,34
2004-06-21T00:00:00Z,4,,,488,73,,62,834,35
2004-07-06T00:00:00Z,0,8.7,6.3,280,40,,41,1100,15
2004-07-06T00:00:00Z,4,8.9,6.2,278,33,,50,1120,18
2004-07-06T00:00:00Z,8,8.9,6,277,29,,45,1120,16
2004-07-06T00:00:00Z,10,8.9,6,287,34,,50,1130,15
2004-07-06T00:00:00Z,12,8.9,5.9,316,38,,52,1230,23
2004-07-06T00:00:00Z,14,8.4,5.6,524,102,,97,1930,81
2004-07-06T00:00:00Z,16,8.2,5.4,691,73,,121,2240,110
2004-07-06T00:00:00Z,18,7.9,5.4,762,98,,159,2780,150
2004-07-06T00:00:00Z,20,7.8,5.6,726,157,,182,3000,169
2004-07-06T00:00:00Z,22,7.8,5.4,418,510,,229,3250,209
2004-07-19T00:00:00Z,0,,,34,22,,29,1190,0
2004-07-19T00:00:00Z,4,,,35,21,,30,1130,0
2004-08-03T00:00:00Z,0,9,6.9,0,0,,26,1410,0
2004-08-03T00:00:00Z,4,9.1,6.7,0,0,,23,1420,0
2004-08-03T00:00:00Z,6,9.1,7,,,,,,
2004-08-03T00:00:00Z,8,9.1,8.5,0,22,,24,1500,2
2004-08-03T00:00:00Z,10,8.3,6.1,326,292,,46,2280,28
2004-08-03T00:00:00Z,12,8,5.7,450,275,,133,2740,114
2004-08-03T00:00:00Z,14,7.9,5.8,247,516,,235,3220,209
2004-08-03T00:00:00Z,16,7.8,5.7,156,574,,261,3330,237
2004-08-03T00:00:00Z,18,7.8,5.5,0,810,,330,3570,306
2004-08-03T00:00:00Z,20,7.7,6,27,1470,,464,4240,429
2004-08-03T00:00:00Z,22,7.7,,27,1590,,496,4360,456
2004-08-16T00:00:00Z,0,,,0,16,,38,2150,0
2004-08-16T00:00:00Z,4,,,0,20,,37,2260,0
2004-09-07T00:00:00Z,0,9,,0,0,,21,1730,0
2004-09-07T00:00:00Z,4,9,,0,0,,20,1710,0
2004-09-07T00:00:00Z,8,9,,0,0,,21,1730,0
2004-09-07T00:00:00Z,20,7.7,,0,1870,,536,4710,490
2004-09-07T00:00:00Z,22,,,0,2200,,601,5190,552
2004-10-05T00:00:00Z,0,8.7,5.9,0,86,,62,2200,28
2004-10-05T00:00:00Z,4,8.7,6,0,80,,69,2170,29
2004-10-05T00:00:00Z,8,8.7,5.8,,,,,,
2004-10-05T00:00:00Z,20,7.5,5.8,0,2080,,552,4990,532
2004-11-03T00:00:00Z,0,8.2,5.7,43,478,,121,3000,102
2004-11-03T00:00:00Z,4,8.3,5.8,43,475,,124,2960,104
2004-11-03T00:00:00Z,8,8.4,5.4,,,,,,
2004-11-03T00:00:00Z,20,8.4,5.6,41,473,,119,2980,96
2005-01-31T00:00:00Z,0,8.1,6,300,521,,121,3790,97
2005-01-31T00:00:00Z,4,8.1,6,307,515,,118,3730,96
2005-01-31T00:00:00Z,8,8.1,5.6,304,517,,117,3730,94
2005-01-31T00:00:00Z,12,,,330,494,,115,3730,91
2005-01-31T00:00:00Z,16,,,390,487,,116,3770,92
2005-01-31T00:00:00Z,20,7.8,5.4,576,718,,137,4970,108
2005-04-15T00:00:00Z,0,8.4,5.8,922,57,,135,3590,98
2005-04-15T00:00:00Z,4,8.3,5.6,929,80,,146,3740,102
2005-04-15T00:00:00Z,8,8.1,5.3,960,132,,148,4190,116
2005-04-15T00:00:00Z,12,8.1,5.8,959,125,,148,4170,108
2005-04-15T00:00:00Z,16,8.1,6,946,124,,144,4180,108
2005-04-15T00:00:00Z,20,8.1,5.6,971,120,,136,4220,104
2005-04-25T00:00:00Z,0,,,872,108,,114,2990,91
2005-04-25T00:00:00Z,4,,,877,92,,120,2850,91
2005-05-09T00:00:00Z,0,8.2,5.8,855,130,,201,2720,96
2005-05-09T00:00:00Z,4,8.2,6.1,824,134,,137,2670,95
2005-05-09T00:00:00Z,8,8.3,5.9,,,,,,
2005-05-09T00:00:00Z,12,8.2,,,,,,,
2005-05-09T00:00:00Z,16,8.2,6.2,,,,,,
2005-05-09T00:00:00Z,20,8.1,6,834,152,,113,3080,96
2005-05-23T00:00:00Z,0,,,814,140,,112,2100,82
2005-05-23T00:00:00Z,4,,,812,140,,108,2110,87
2005-06-06T00:00:00Z,0,8.7,6.7,669,67,,82,1340,53
2005-06-06T00:00:00Z,4,8.7,6.7,662,64,,82,1300,56
2005-06-06T00:00:00Z,8,8.6,6.5,698,74,,99,1580,64
2005-06-06T00:00:00Z,10,8.5,6.2,713,113,,107,1860,73
2005-06-06T00:00:00Z,12,8.1,,691,226,,118,3640,120
2005-06-06T00:00:00Z,14,8.1,6.2,715,267,,142,3450,124
2005-06-06T00:00:00Z,16,8,6,730,267,,125,3360,98
2005-06-06T00:00:00Z,18,8,6,703,313,,145,3560,135
2005-06-06T00:00:00Z,20,7.9,6.2,614,474,,179,4360,179
2005-06-06T00:00:00Z,22,7.8,6.3,614,464,,162,4100,145
2005-06-20T00:00:00Z,0,,,556,28,,75,1460,31
2005-06-20T00:00:00Z,4,,,570,54,,79,1430,38
2005-07-05T00:00:00Z,0,9.2,7.8,95,0,,67,2130,0
2005-07-05T00:00:00Z,4,9.1,7.6,135,17,,52,2250,0
2005-07-05T00:00:00Z,8,9.1,7.3,195,24,,36,2150,5
2005-07-05T00:00:00Z,10,8.1,6.1,604,184,,144,3920,116
2005-07-05T00:00:00Z,12,7.8,6.2,935,52,,164,3940,141
2005-07-05T00:00:00Z,14,7.7,6,931,84,,198,4590,173
2005-07-05T00:00:00Z,16,7.7,6,917,192,,226,4730,194
2005-07-05T00:00:00Z,18,7.7,6.2,648,532,,302,5320,256
2005-07-05T00:00:00Z,20,7.7,6.3,523,695,,344,5410,313
2005-07-05T00:00:00Z,22,7.6,6.7,373,825,,395,5770,336
2005-07-18T00:00:00Z,0,,,0,0,,41,2170,0
2005-07-18T00:00:00Z,4,,,0,0,,47,2120,0
2005-08-01T00:00:00Z,0,9.1,10.3,0,0,,29,2420,0
2005-08-01T00:00:00Z,4,9.1,7.6,0,0,,39,2440,2
2005-08-01T00:00:00Z,6,,7.5,,,,,,
2005-08-01T00:00:00Z,8,8.8,8.5,0,15,,37,2450,2
2005-08-01T00:00:00Z,10,8,7,442,193,,92,3550,63
2005-08-01T00:00:00Z,12,7.8,6.3,681,227,,229,4560,180
2005-08-01T00:00:00Z,14,7.8,6.1,625,316,,281,4900,231
2005-08-01T00:00:00Z,16,7.7,6.5,503,454,,311,5170,264
2005-08-01T00:00:00Z,18,7.7,7.7,0,1060,,442,6210,392
2005-08-01T00:00:00Z,20,7.7,7.7,0,1090,,468,6160,392
2005-08-01T00:00:00Z,22,7.6,8.4,0,1520,,530,6550,448
2005-08-15T00:00:00Z,0,,,0,17,,23,2500,4
2005-08-15T00:00:00Z,4,,,0,20,,23,2530,4
2005-08-29T00:00:00Z,0,9.1,7.5,0,0,,31,2570,0
2005-08-29T00:00:00Z,4,9.1,7.2,0,0,,29,2530,0
2005-08-29T00:00:00Z,8,9,6.8,0,19,,30,2570,0
2005-08-29T00:00:00Z,10,8.8,6.7,21,39,,30,2700,0
2005-08-29T00:00:00Z,12,7.9,5.7,230,401,,199,4450,154
2005-08-29T00:00:00Z,14,7.7,5.8,126,648,,297,5060,251
2005-08-29T00:00:00Z,16,7.7,5.9,0,853,,448,5500,402
2005-08-29T00:00:00Z,18,7.7,5.8,0,1440,,512,6090,456
2005-08-29T00:00:00Z,20,7.6,6,0,1860,,577,6640,512
2005-08-29T00:00:00Z,22,7.6,6.6,0,2260,,653,6730,557
2005-09-26T00:00:00Z,0,9.1,6.6,0,33,,29,2860,2
2005-09-26T00:00:00Z,4,8.9,6.7,0,37,,28,8210,0
2005-09-26T00:00:00Z,8,8.8,6.9,,,,,,
2005-09-26T00:00:00Z,20,7.6,6.7,0,2330,,682,7520,632
2005-11-02T00:00:00Z,0,8.2,,0,404,,158,3880,140
2005-11-02T00:00:00Z,4,8.2,,0,414,,162,3860,141
2005-11-02T00:00:00Z,8,8.2,,,,,,,
2005-11-02T00:00:00Z,20,8.2,,0,412,,155,3880,140
2005-11-30T00:00:00Z,0,8.2,,82,480,,154,3670,133
2005-11-30T00:00:00Z,4,8.2,,85,492,,156,3780,133
2005-11-30T00:00:00Z,8,8.2,,,,,,,
2005-11-30T00:00:00Z,20,8.2,,74,475,,160,3720,132
2006-03-06T00:00:00Z,0,8.3,,255,527,,150,3780,135
2006-03-06T00:00:00Z,4,8.3,,264,515,,148,3750,132
2006-03-06T00:00:00Z,8,8.3,6.8,271,512,,148,3760,131
2006-03-06T00:00:00Z,12,,,266,511,,146,3760,133
2006-03-06T00:00:00Z,16,,,274,510,,145,3690,129
2006-03-06T00:00:00Z,17.5,,6.7,269,516,,147,3840,135
2006-03-06T00:00:00Z,18,8.3,,,,,,,
2006-04-04T00:00:00Z,0,,,323,474,,144,3550,124
2006-04-04T00:00:00Z,4,,,322,480,,143,3630,123
2006-04-17T00:00:00Z,0,8.4,4.6,348,406,,135,3370,112
2006-04-17T00:00:00Z,4,8.4,4.6,348,406,,136,3350,114
2006-04-17T00:00:00Z,8,8.4,4.7,349,399,,138,3360,113
2006-04-17T00:00:00Z,12,8.4,4.8,347,403,,136,3390,117
2006-04-17T00:00:00Z,16,8.4,4.7,347,402,,137,3280,112
2006-04-17T00:00:00Z,20,8.4,4.9,344,410,,138,3370,117
2006-05-02T00:00:00Z,0,,,363,305,,115,2800,88
2006-05-02T00:00:00Z,4,,,366,306,,114,2880,97
2006-05-15T00:00:00Z,0,8.4,4.9,367,344,,129,2950,105
2006-05-15T00:00:00Z,4,8.4,4.8,369,347,,120,2920,105
2006-05-15T00:00:00Z,8,8.4,4.9,,,,,,
2006-05-15T00:00:00Z,12,8.4,4.8,,,,,,
2006-05-15T00:00:00Z,16,8.4,4.8,,,,,,
2006-05-15T00:00:00Z,20,8.3,4.8,355,405,,136,3100,110
2006-05-30T00:00:00Z,0,,,364,248,,91,2210,85
2006-05-30T00:00:00Z,4,,,362,263,,96,2230,87
2006-06-12T00:00:00Z,0,8.8,8.9,309,94,,78,1700,49
2006-06-12T00:00:00Z,4,8.8,5.4,313,108,,81,1710,53
2006-06-12T00:00:00Z,8,8.3,6.1,369,312,,124,2610,102
2006-06-12T00:00:00Z,10,8.3,5.3,363,378,,137,2980,119
2006-06-12T00:00:00Z,12,8.2,5.3,361,412,,144,3190,128
2006-06-12T00:00:00Z,14,8.1,5.1,354,466,,152,3410,136
2006-06-12T00:00:00Z,16,8,5.2,289,648,,204,4000,180
2006-06-12T00:00:00Z,18,7.8,5,270,690,,222,4170,194
2006-06-12T00:00:00Z,20,7.9,5,255,753,,240,4360,209
2006-06-12T00:00:00Z,22,7.9,5.2,245,783,,249,4410,220
2006-06-26T00:00:00Z,0,,,129,67,,58,2020,16
2006-06-26T00:00:00Z,4,,,128,71,,58,2220,18
2006-07-10T00:00:00Z,0,9.2,6.3,33,22,,42,2450,3
2006-07-10T00:00:00Z,4,9.2,6.4,52,36,,40,2430,5
2006-07-10T00:00:00Z,8,8.7,5.6,273,208,,144,3090,86
2006-07-10T00:00:00Z,10,8.3,5.3,447,262,,159,3420,135
2006-07-10T00:00:00Z,12,7.8,5.6,784,164,,224,4050,196
2006-07-10T00:00:00Z,14,7.8,5.1,792,176,,235,4140,205
2006-07-10T00:00:00Z,16,7.7,5.3,823,173,,235,4200,212
2006-07-10T00:00:00Z,18,7.7,5.2,642,392,,282,4570,257
2006-07-10T00:00:00Z,20,7.7,5.3,510,538,,325,4810,293
2006-07-10T00:00:00Z,22,,,217,858,,396,5490,376
2006-07-24T00:00:00Z,0,,,27,0,,36,2370,0
2006-07-24T00:00:00Z,4,,,27,0,,65,2480,0
2006-08-07T00:00:00Z,0,9,5.6,0,0,,27,2610,0
2006-08-07T00:00:00Z,4,9,6,0,0,,31,2620,0
2006-08-07T00:00:00Z,6,9,5.8,,,,,,
2006-08-07T00:00:00Z,8,8.5,5.3,135,80,,29,3080,10
2006-08-07T00:00:00Z,10,8,5.3,279,284,,148,3710,116
2006-08-07T00:00:00Z,12,7.8,,265,422,,275,4320,243
2006-08-07T00:00:00Z,14,7.7,4.8,356,445,,306,4460,272
2006-08-07T00:00:00Z,16,7.7,5.2,0,830,,396,5070,366
2006-08-07T00:00:00Z,18,7.6,5.2,0,1150,,471,5330,416
2006-08-07T00:00:00Z,20,7.6,5.3,0,1450,,535,5690,478
2006-08-07T00:00:00Z,22,7.6,,0,1460,,535,5760,487
2006-08-21T00:00:00Z,0,,,0,0,,18,2800,0
2006-08-21T00:00:00Z,4,,,0,0,,20,2780,2
2006-09-06T00:00:00Z,0,8.9,5.1,0,0,,26,2600,4
2006-09-06T00:00:00Z,4,8.8,5.2,0,0,,31,2580,4
2006-09-06T00:00:00Z,8,8.8,6.1,0,0,,26,2600,5
2006-09-06T00:00:00Z,10,8.7,5,0,0,,24,2570,3
2006-09-06T00:00:00Z,12,7.7,4.4,0,670,,295,4460,288
2006-09-06T00:00:00Z,14,7.6,5.1,0,852,,370,4840,386
2006-09-06T00:00:00Z,16,7.5,4.7,0,1270,,460,5290,454
2006-09-06T00:00:00Z,18,7.5,4.8,0,1640,,556,5670,534
2006-09-06T00:00:00Z,20,7.4,4.8,0,2140,,669,6380,667
2006-09-06T00:00:00Z,22,7.4,4.9,0,2430,,709,6870,734
2006-10-02T00:00:00Z,0,8.4,5.2,0,90,,89,2890,53
2006-10-02T00:00:00Z,4,8.4,5.1,0,94,,90,2880,53
2006-10-02T00:00:00Z,8,8.4,5.2,,,,,,
2006-10-02T00:00:00Z,20,7.4,4.8,0,1980,,617,5990,550
2006-10-30T00:00:00Z,0,8.1,5.2,57,332,,147,3430,118
2006-10-30T00:00:00Z,4,8.2,5.4,36,328,,150,3410,120
2006-10-30T00:00:00Z,8,8.2,5.3,,,,,,
2006-10-30T00:00:00Z,20,8.2,5,48,314,,139,3430,117
2006-11-27T00:00:00Z,0,8.2,5,111,340,,135,3240,114
2006-11-27T00:00:00Z,4,8.2,5,111,342,,130,3240,113
2006-11-27T00:00:00Z,8,8.2,5,,,,,,
2006-11-27T00:00:00Z,20,8.2,5.1,119,348,,129,3230,114
2007-01-03T00:00:00Z,0,8.2,5.2,259,372,1094.5,128.8,3190,115
2007-01-03T00:00:00Z,4,8.2,5.2,255,367,,130,3210,115
2007-01-03T00:00:00Z,8,8.2,5.2,252,362,1117,129,3210,115
2007-01-03T00:00:00Z,12,,,251,362,,129,3170,115
2007-01-03T00:00:00Z,16,,,247,373,,130,3190,115
2007-01-03T00:00:00Z,20,8.2,5.2,252,364,1115,129.5,3180,114
2007-02-19T00:00:00Z,0,8.2,5.2,302,329,1305,127.5,3250,112
2007-02-19T00:00:00Z,4,8.2,5,301,323,,123,3210,109
2007-02-19T00:00:00Z,8,8.2,5,301,327,1271.5,123.5,3170,112
2007-02-19T00:00:00Z,12,,,309,321,,124,3130,111
2007-02-19T00:00:00Z,16,,,396,388,,127,3410,114
2007-02-19T00:00:00Z,20,7.8,4.8,597,614,2134,168,4540,144
2007-04-02T00:00:00Z,0,,,448,297,,129,3120,105
2007-04-02T00:00:00Z,4,,,450,295,,133,3210,104
2007-04-16T00:00:00Z,0,8.3,4.8,495,184,1231,114,1748,83
2007-04-16T00:00:00Z,4,8.2,4.7,493,192,1329,122.5,1887.5,92
2007-04-16T00:00:00Z,8,8.3,4.7,495,186,1338,124.2,1867.2,84
2007-04-16T00:00:00Z,12,8.3,4.8,494,185,1356,123,1859,83
2007-04-16T00:00:00Z,16,8.3,4.8,494,189,1342,123,1909.5,85
2007-04-16T00:00:00Z,20,8.3,4.5,492,199,1356,120,1894,86
2007-04-30T00:00:00Z,0,,,499,66,,80,400,55
2007-04-30T00:00:00Z,4,,,497,65,,89,396,55
2007-05-14T00:00:00Z,0,8.4,5,505,151,,82,419,60
2007-05-14T00:00:00Z,4,8.5,5,501,149,,80,409,58
2007-05-14T00:00:00Z,8,8.5,5.1,,,,,,
2007-05-14T00:00:00Z,12,8.5,5.2,,,,,,
2007-05-14T00:00:00Z,16,8.5,5,,,,,,
2007-05-14T00:00:00Z,20,8.4,5,465,205,,105,971,84
2007-05-29T00:00:00Z,0,,,477,152,,74,626,61
2007-05-29T00:00:00Z,4,,,476,146,,78,641,63
2007-06-11T00:00:00Z,0,8.6,5.1,437,74,,74,742,46
2007-06-11T00:00:00Z,4,8.6,5.2,439,91,,74,732,49
2007-06-11T00:00:00Z,8,8.6,5,435,113,,71,771,57
2007-06-11T00:00:00Z,10,8.4,5,442,165,,88,967,72
2007-06-11T00:00:00Z,12,8.3,5,435,225,,107,1200,89
2007-06-11T00:00:00Z,14,8.2,5.1,405,381,,160,1780,138
2007-06-11T00:00:00Z,16,8.1,5.1,395,409,,174,1880,146
2007-06-11T00:00:00Z,18,8.1,5.1,374,478,,191,2060,157
2007-06-11T00:00:00Z,20,8,5.3,315,624,,241,2760,203
2007-06-11T00:00:00Z,22,7.9,5.4,302,666,,263,2960,219
2007-06-25T00:00:00Z,0,,,282,0,,67,910,18
2007-06-25T00:00:00Z,4,,,311,0,,50,892,21
2007-07-09T00:00:00Z,0,9.1,5.4,0,0,,26,1210,0
2007-07-09T00:00:00Z,4,9.1,5.6,0,0,,31,1230,3
2007-07-09T00:00:00Z,8,8.3,5.1,382,200,,73,1600,42
2007-07-09T00:00:00Z,10,8.3,5.2,408,212,,72,1760,50
2007-07-09T00:00:00Z,12,8.1,5.1,526,255,,160,2200,127
2007-07-09T00:00:00Z,14,8,4.9,556,302,,201,2390,181
2007-07-09T00:00:00Z,16,7.9,5.2,594,342,,226,2600,192
2007-07-09T00:00:00Z,18,7.8,5.3,435,586,,285,3130,251
2007-07-09T00:00:00Z,20,7.8,5.1,149,936,,394,3860,394
2007-07-09T00:00:00Z,22,7.8,5.4,0,1280,,502,4470,446
2007-07-23T00:00:00Z,0,,,0,0,,31,1660,0
2007-07-23T00:00:00Z,4,,,0,0,,31,1580,0
2007-08-06T00:00:00Z,0,8.8,5.2,0,0,619,22.5,1540,0
2007-08-06T00:00:00Z,4,8.9,5.3,0,0,613,22,1670,0
2007-08-06T00:00:00Z,6,8.8,5.8,,,592,21,,
2007-08-06T00:00:00Z,8,8.5,5,0,31,578,23.5,1990,0
2007-08-06T00:00:00Z,10,7.9,5,181,292,,72,2410,54
2007-08-06T00:00:00Z,12,7.7,4.9,0,637,1205.5,243,2990,227
2007-08-06T00:00:00Z,14,7.7,5,0,747,,305,3180,276
2007-08-06T00:00:00Z,16,7.7,5,0,1450,1597,358,3610,334
2007-08-06T00:00:00Z,18,7.6,5.3,0,1050,,461,4150,415
2007-08-06T00:00:00Z,20,7.6,5.4,0,1880,3327,550,4750,524
2007-08-06T00:00:00Z,22,7.5,5.6,0,2270,2958,605,5100,552
2007-08-20T00:00:00Z,0,,,0,47,,26,1870,0
2007-08-20T00:00:00Z,4,,,0,44,,26,1830,2
2007-09-04T00:00:00Z,0,8.8,5.2,0,0,,25,2150,0
2007-09-04T00:00:00Z,4,8.8,5.3,0,0,,28,2260,0
2007-09-04T00:00:00Z,8,9,5,0,0,,28,2120,0
2007-09-04T00:00:00Z,10,8.2,5,181,0,,45,2380,26
2007-09-04T00:00:00Z,12,7.8,5,0,623,,202,2930,164
2007-09-04T00:00:00Z,14,7.7,,0,975,,297,3470,266
2007-09-04T00:00:00Z,16,7.6,4.8,0,1490,,424,4030,390
2007-09-04T00:00:00Z,18,7.6,5,0,2000,,533,4630,496
2007-09-04T00:00:00Z,20,7.5,5.4,0,2430,,616,5310,577
2007-09-04T00:00:00Z,22,7.5,5.5,0,2640,,648,5410,610
2007-10-01T00:00:00Z,0,8.5,5.4,0,45,,51,2340,25
2007-10-01T00:00:00Z,4,8.6,5.3,0,44,,56,2360,25
2007-10-01T00:00:00Z,8,8.5,5.3,,,,,,
2007-10-01T00:00:00Z,20,7.4,5.6,0,2960,,687,5710,660
2007-10-29T00:00:00Z,0,8.2,5.2,58,449,1242,144,3010,119
2007-10-29T00:00:00Z,4,8.2,5,57,443,1075,141.5,3010,116
2007-10-29T00:00:00Z,8,8.2,5,,,1006,130,,
2007-10-29T00:00:00Z,20,8.2,5,58,441,1028.5,133.8,2980,119
2007-11-26T00:00:00Z,0,8.1,5.1,160,555,,144,3380,126
2007-11-26T00:00:00Z,4,8.1,5.2,159,556,,145,3370,126
2007-11-26T00:00:00Z,8,8.1,5,,,,,,
2007-11-26T00:00:00Z,20,8.1,5.1,163,559,,147,3380,125
2008-02-13T00:00:00Z,0,8.9,5.4,423,456,,145,3780,122
2008-02-13T00:00:00Z,4,8.5,5.3,439,417,,143,3730,118
2008-02-13T00:00:00Z,8,8.3,5.1,495,386,,139,3750,115
2008-02-13T00:00:00Z,12,,,554,388,,141,3880,119
2008-02-13T00:00:00Z,16,,,945,535,,165,5490,136
2008-02-13T00:00:00Z,20,7.8,4.9,1260,719,,186,7410,157
2008-04-14T00:00:00Z,0,8.6,5,953,0,,141,1610,24
2008-04-14T00:00:00Z,4,8.5,5,975,0,,137,1710,26
2008-04-14T00:00:00Z,8,8.5,5,976,0,,136,1740,25
2008-04-14T00:00:00Z,12,8.5,4.9,977,0,,134,1810,28
2008-04-14T00:00:00Z,16,8.5,4.8,975,0,,132,1710,26
2008-04-14T00:00:00Z,20,8.5,4.9,981,0,,136,1750,27
2008-04-28T00:00:00Z,0,,,806,44,,29,23,11
2008-04-28T00:00:00Z,4,,,805,40,,41,0,9
2008-05-12T00:00:00Z,0,8.7,,798,71,,37,95,24
2008-05-12T00:00:00Z,4,8.7,,788,83,,54,119,33
2008-05-12T00:00:00Z,8,8.7,,,,,,,
2008-05-12T00:00:00Z,12,8.7,,,,,,,
2008-05-12T00:00:00Z,16,8.7,,,,,,,
2008-05-12T00:00:00Z,20,8.7,,795,112,,75,230,53
2008-05-28T00:00:00Z,0,,,793,179,,72,467,58
2008-05-28T00:00:00Z,4,,,792,178,,74,519,64
2008-06-09T00:00:00Z,0,8.7,,785,200,,75,662,53
2008-06-09T00:00:00Z,4,8.7,,767,193,,79,657,62
2008-06-09T00:00:00Z,8,8.6,,725,200,,84,682,65
2008-06-09T00:00:00Z,10,8.6,,764,239,,87,737,73
2008-06-09T00:00:00Z,12,8.6,,758,242,,96,799,73
2008-06-09T00:00:00Z,14,8.4,,737,287,,114,945,90
2008-06-09T00:00:00Z,16,8.4,,696,358,,134,1140,106
2008-06-09T00:00:00Z,18,8.3,,652,441,,159,1390,128
2008-06-09T00:00:00Z,20,8.3,,579,593,,209,1790,182
2008-06-09T00:00:00Z,22,8.2,,547,652,,227,1950,185
2008-06-23T00:00:00Z,0,,,787,0,,130,1510,43
2008-06-23T00:00:00Z,4,,,828,72,,100,1510,56
2008-07-07T00:00:00Z,0,9.2,5.3,465,20,,152,1670,34
2008-07-07T00:00:00Z,4,9.2,5.6,511,28,,65,1640,24
2008-07-07T00:00:00Z,8,8.7,4.9,706,166,,88,1830,69
2008-07-07T00:00:00Z,10,8.5,4.8,720,258,,117,2210,101
2008-07-07T00:00:00Z,12,8.2,5.1,686,385,,162,2520,140
2008-07-07T00:00:00Z,14,8.1,4.8,605,573,,214,2510,184
2008-07-07T00:00:00Z,16,8.1,5,445,805,,264,2740,241
2008-07-07T00:00:00Z,18,8,4.9,341,958,,315,3050,269
2008-07-07T00:00:00Z,20,8,5,241,1330,,381,3410,321
2008-07-07T00:00:00Z,22,8.3,5,466,113,,69,2260,100
2008-07-21T00:00:00Z,0,,,313,0,,53,1850,7
2008-07-21T00:00:00Z,4,,,301,0,,52,1820,6
2008-08-04T00:00:00Z,0,9.1,5.7,38,0,,50,2270,3
2008-08-04T00:00:00Z,4,9.1,5.5,25,0,,48,1970,0
2008-08-04T00:00:00Z,6,8.9,5.5,,,,,,
2008-08-04T00:00:00Z,8,8.5,5.7,746,0,,72,2390,10
2008-08-04T00:00:00Z,10,8.2,,821,52,,116,2750,63
2008-08-04T00:00:00Z,12,8.1,5,568,356,,206,3180,166
2008-08-04T00:00:00Z,14,8.1,,0,1190,,341,3730,289
2008-08-04T00:00:00Z,16,8,5.2,0,1240,,391,3340,1650
2008-08-04T00:00:00Z,18,8,,0,1770,,486,4080,432
2008-08-04T00:00:00Z,20,8,5.2,0,2010,,529,4410,454
2008-08-04T00:00:00Z,22,7.8,5.5,0,2280,,584,4660,511
2008-08-18T00:00:00Z,0,,,0,0,,38,1890,3
2008-08-18T00:00:00Z,4,,,0,0,,36,2020,0
2008-09-05T00:00:00Z,0,8.9,,22,31,,29,2190,0
2008-09-05T00:00:00Z,4,8.9,,30,0,,28,2150,3
2008-09-05T00:00:00Z,8,8.9,,0,24,,27,2190,0
2008-09-05T00:00:00Z,10,8.9,,0,25,,28,2170,0
2008-09-05T00:00:00Z,12,8.1,,0,874,,280,3540,234
2008-09-05T00:00:00Z,14,8.1,,0,1720,,374,3840,332
2008-09-05T00:00:00Z,16,8,,0,1980,,453,4420,433
2008-09-05T00:00:00Z,18,7.8,,0,2760,,582,5360,543
2008-09-05T00:00:00Z,20,7.8,,0,3290,,676,5750,626
2008-09-05T00:00:00Z,22,7.8,,0,3490,,700,6200,643
2008-09-29T00:00:00Z,0,8.9,5.1,0,0,,39,2300,0
2008-09-29T00:00:00Z,4,8.9,5.3,0,0,,40,2330,0
2008-09-29T00:00:00Z,8,8.8,5.5,,,,,,
2008-09-29T00:00:00Z,20,7.8,6.6,0,3410,,665,5900,638
2008-10-29T00:00:00Z,0,8.3,4.6,105,589,,147,3420,125
2008-10-29T00:00:00Z,4,8.3,4.6,107,608,,156,3440,127
2008-10-29T00:00:00Z,8,8.3,,,,,,,
2008-10-29T00:00:00Z,20,8.2,5.2,109,551,,138,3450,110
2009-01-21T00:00:00Z,0,8.1,6.6,576,551,1497,165.5,2272,127
2009-01-21T00:00:00Z,4,8.3,5.1,565,556,,150,4290,128
2009-01-21T00:00:00Z,8,8.3,5.1,595,530,1371,134.5,2262,125
2009-01-21T00:00:00Z,12,,,741,533,,143,4540,122
2009-01-21T00:00:00Z,16,,,943,647,,160,5430,141
2009-01-21T00:00:00Z,20,7.6,6.2,0,0,2414,59,1263.8,0
2009-04-15T00:00:00Z,0,8.4,4.9,1740,112,2222,166,3752,133
2009-04-15T00:00:00Z,4,8.4,4.8,1460,93,,171,5110,134
2009-04-15T00:00:00Z,8,8.4,4.8,1480,90,2276,154.5,3530,133
2009-04-15T00:00:00Z,12,8.4,5,1480,78,,161,5360,128
2009-04-15T00:00:00Z,16,8.4,5,1480,94,,161,5230,131
2009-04-15T00:00:00Z,20,8.1,5,490,25,2102,100.8,3699.8,113
2009-04-27T00:00:00Z,0,,,1460,64,,148,3940,116
2009-04-27T00:00:00Z,4,,,1460,66,,207,3780,114
2009-05-11T00:00:00Z,0,8.7,4.5,1530,104,,126,3230,75
2009-05-11T00:00:00Z,4,8.7,4.5,1430,136,,136,3540,113
2009-05-11T00:00:00Z,8,8.6,4.6,1390,100,,112,3620,78
2009-05-11T00:00:00Z,12,8.6,4.4,1400,120,,127,3660,101
2009-05-11T00:00:00Z,16,8.5,4.5,1370,132,,133,3890,108
2009-05-11T00:00:00Z,20,8.4,4.7,1370,174,,149,4200,127
2009-05-28T00:00:00Z,0,,,1340,182,,147,3640,116
2009-05-28T00:00:00Z,4,,,1340,180,,147,3650,118
2009-06-09T00:00:00Z,0,8.4,,1300,145,,110,3430,85
2009-06-09T00:00:00Z,4,8.4,4.7,1290,150,,113,3420,86
2009-06-09T00:00:00Z,8,8.4,5,1290,155,,117,3410,90
2009-06-09T00:00:00Z,10,8.3,4.5,1290,151,,103,3410,81
2009-06-09T00:00:00Z,12,8.3,4.5,1280,163,,111,3550,85
2009-06-09T00:00:00Z,14,8,,1200,310,,130,4800,107
2009-06-09T00:00:00Z,16,7.9,4.5,1160,386,,148,5160,120
2009-06-09T00:00:00Z,18,7.9,4.5,1120,436,,155,5370,130
2009-06-09T00:00:00Z,20,7.9,4.8,1080,478,,169,5500,137
2009-06-09T00:00:00Z,22,7.8,4.8,1070,459,,180,5570,134
2009-06-23T00:00:00Z,0,,,1090,0,,155,2510,52
2009-06-23T00:00:00Z,4,,,1150,89,,104,3040,80
2009-07-06T00:00:00Z,0,9,5.1,863,0,,125,3560,38
2009-07-06T00:00:00Z,4,8.9,5.1,941,0,,94,3590,44
2009-07-06T00:00:00Z,8,8.6,4.9,1060,21,,113,3770,60
2009-07-06T00:00:00Z,10,8,4.7,1360,22,,158,4720,124
2009-07-06T00:00:00Z,12,7.8,4.6,1420,0,,181,5720,156
2009-07-06T00:00:00Z,14,7.7,4.6,1450,16,,200,5990,174
2009-07-06T00:00:00Z,16,7.7,4.7,1480,41,,223,6150,182
2009-07-06T00:00:00Z,18,7.7,4.8,1170,311,,270,6690,238
2009-07-06T00:00:00Z,20,7.7,4.8,1010,455,,312,7060,268
2009-07-06T00:00:00Z,22,7.6,5.1,764,690,,417,7970,351
2009-07-20T00:00:00Z,0,,,552,0,,106,3710,16
2009-07-20T00:00:00Z,4,,,656,0,,76,3760,30
2009-08-05T00:00:00Z,0,9.1,5,0,0,1473,69.5,1293,0
2009-08-05T00:00:00Z,4,9,5.1,38,0,1370,68.8,1866.2,0
2009-08-05T00:00:00Z,6,,5.2,,,1044,41,200,
2009-08-05T00:00:00Z,8,8.9,,246,29,1110,45.5,1935.5,9
2009-08-05T00:00:00Z,10,8.6,,470,55,,79,4150,43
2009-08-05T00:00:00Z,12,7.9,,909,190,1902,232,3493,205
2009-08-05T00:00:00Z,14,7.7,4.7,987,314,,291,6500,53
2009-08-05T00:00:00Z,16,7.7,5,731,605,2071,359.5,4141,338
2009-08-05T00:00:00Z,18,7.6,5,578,778,,409,7390,377
2009-08-05T00:00:00Z,20,7.7,,407,999,2146,446.5,4698,428
2009-08-05T00:00:00Z,22,7.6,,281,1140,2125,438,4989.5,399
2009-08-19T00:00:00Z,0,,,0,0,,44,2300,0
2009-08-19T00:00:00Z,4,,,0,0,,48,2280,0
2009-09-02T00:00:00Z,0,9,4.9,0,0,,53,2010,2
2009-09-02T00:00:00Z,4,9,4.8,0,0,,63,1940,0
2009-09-02T00:00:00Z,8,8.9,4.8,0,0,,59,2180,5
2009-09-02T00:00:00Z,10,8.8,4.8,0,19,,58,2280,8
2009-09-02T00:00:00Z,12,8.6,4.9,46,81,,72,2780,22
2009-09-02T00:00:00Z,14,7.8,4.6,448,613,,316,7110,279
2009-09-02T00:00:00Z,16,7.7,4.7,0,1110,,334,7720,277
2009-09-02T00:00:00Z,18,7.7,5,0,1340,,349,8150,325
2009-09-02T00:00:00Z,20,7.6,5.2,0,1930,,539,8600,486
2009-09-02T00:00:00Z,22,7.5,4.9,0,2460,,570,9390,514
2009-09-30T00:00:00Z,0,8.6,5.2,27,193,,75,2840,34
2009-09-30T00:00:00Z,4,8.6,5.7,25,334,,74,2840,33
2009-09-30T00:00:00Z,8,8.4,8.6,,,,,,
2009-09-30T00:00:00Z,20,7.6,8,0,2420,,601,9080,543
2009-10-28T00:00:00Z,0,8.2,5.4,90,660,1335,158.5,3290,139
2009-10-28T00:00:00Z,4,8.2,5.2,92,662,1326,160,3191.5,138
2009-10-28T00:00:00Z,8,8.2,5.3,,,,,,
2009-10-28T00:00:00Z,20,7.9,5.8,91,657,1486,176.5,3253,144
2009-12-03T00:00:00Z,0,,5,273,611,,153,4590,128
2009-12-03T00:00:00Z,4,,5.3,283,619,,149,4510,128
2010-02-01T00:00:00Z,0,8.4,5,668,373,1585,139.5,3250,112
2010-02-01T00:00:00Z,4,8.4,5.6,653,369,1425,131.5,2226,109
2010-02-01T00:00:00Z,8,8.3,5,671,365,1430,129.5,2243.5,106
2010-02-01T00:00:00Z,20,7.6,,1720,515,2556,93.5,4575.5,104
2010-03-29T00:00:00Z,0,,,819,0,,120,2210,14
2010-03-29T00:00:00Z,4,,,802,0,,125,2040,14
2010-04-13T00:00:00Z,0,8.8,6.1,819,26,2401.5,89.8,388.8,18
2010-04-13T00:00:00Z,4,8.8,6,822,32,,67,591,23
2010-04-13T00:00:00Z,8,8.8,6.2,823,32,1413,70,392,22
2010-04-13T00:00:00Z,12,8.7,6.4,829,37,,70,616,22
2010-04-13T00:00:00Z,16,8.7,6.8,847,54,,67,900,23
2010-04-13T00:00:00Z,20,8.4,6.4,845,86,3074,70,893.5,28
2010-04-26T00:00:00Z,0,,,640,76,,63,0,14
2010-04-26T00:00:00Z,4,,,643,76,,69,0,13
2010-05-10T00:00:00Z,0,8.8,4.6,639,135,,56,122,30
2010-05-10T00:00:00Z,4,8.8,4.7,639,121,,64,113,28
2010-05-10T00:00:00Z,8,8.8,4.6,,,,,,
2010-05-10T00:00:00Z,12,8.8,4.7,,,,,,
2010-05-10T00:00:00Z,16,8.7,4.7,,,,,,
2010-05-10T00:00:00Z,20,8.5,5,642,115,,58,123,25
2010-05-24T00:00:00Z,0,,,640,181,,63,523,40
2010-05-24T00:00:00Z,4,,,639,199,,70,514,45
2010-06-07T00:00:00Z,0,9.1,5.2,424,33,,43,781,0
2010-06-07T00:00:00Z,4,9,6,444,42,,45,931,0
2010-06-07T00:00:00Z,8,8.5,4.9,593,272,,77,938,53
2010-06-07T00:00:00Z,10,8.5,4.9,569,349,,110,1270,90
2010-06-07T00:00:00Z,12,8.5,4.9,566,360,,114,1270,92
2010-06-07T00:00:00Z,14,8.4,4.8,533,403,,130,1580,106
2010-06-07T00:00:00Z,16,8.4,4.9,542,408,,126,1450,102
2010-06-07T00:00:00Z,18,8.2,5,479,572,,174,2070,147
2010-06-07T00:00:00Z,20,8.1,5,413,696,,223,2720,189
2010-06-07T00:00:00Z,22,8,5.4,412,702,,226,2760,194
2010-06-21T00:00:00Z,0,,,324,45,,34,1110,0
2010-06-21T00:00:00Z,4,,,328,42,,35,1150,0
2010-07-05T00:00:00Z,0,9.1,1.3,70,0,,46,1050,0
2010-07-05T00:00:00Z,4,9,,87,23,,41,1090,0
2010-07-05T00:00:00Z,8,8.5,,377,394,,26,1910,2
2010-07-05T00:00:00Z,10,8.2,,436,478,,68,1890,42
2010-07-05T00:00:00Z,12,8.1,,469,600,,168,2150,140
2010-07-05T00:00:00Z,14,8,,424,676,,201,2410,170
2010-07-05T00:00:00Z,16,8,6.6,322,793,,246,2830,211
2010-07-05T00:00:00Z,18,8,,270,861,,274,3030,233
2010-07-05T00:00:00Z,20,7.9,5.2,0,1130,,316,3560,268
2010-07-05T00:00:00Z,22,7.7,,0,1340,,416,4130,341
2010-07-19T00:00:00Z,0,,,0,0,,38,1040,0
2010-07-19T00:00:00Z,4,,,0,0,,43,934,0
2010-08-03T00:00:00Z,0,9,4.6,0,0,438,29,468,0
2010-08-03T00:00:00Z,4,9,4.5,0,0,330,28,494,0
2010-08-03T00:00:00Z,6,9,4.6,,,288.5,24,60,
2010-08-03T00:00:00Z,8,8.3,4.6,0,218,446,38,875.5,2
2010-08-03T00:00:00Z,10,8,4.4,0,683,,48,2200,17
2010-08-03T00:00:00Z,12,8,4.4,0,865,1014,138.5,1717.5,116
2010-08-03T00:00:00Z,14,7.9,4.3,0,1130,,226,2870,198
2010-08-03T00:00:00Z,16,7.9,4.4,0,1220,1821,284,2199.5,253
2010-08-03T00:00:00Z,18,7.9,4.4,0,1580,,366,3950,345
2010-08-03T00:00:00Z,20,7.7,4.6,0,1980,1635,440.5,3524.5,376
2010-08-03T00:00:00Z,22,7.5,5.2,0,2310,2983,494.5,3958.5,435
2010-08-16T00:00:00Z,0,,,0,0,,34,1210,0
2010-08-16T00:00:00Z,4,,,0,0,,33,1200,0
2010-08-30T00:00:00Z,0,9,4.5,0,0,,29,1440,0
2010-08-30T00:00:00Z,4,9,4.7,0,0,,29,1450,0
2010-08-30T00:00:00Z,8,8.8,5.1,0,0,,39,1500,0
2010-08-30T00:00:00Z,10,8.3,4.7,0,168,,37,1810,0
2010-08-30T00:00:00Z,12,7.9,4.8,0,956,,131,3040,118
2010-08-30T00:00:00Z,14,7.8,4.4,0,1450,,275,3640,248
2010-08-30T00:00:00Z,16,7.8,4.6,0,1700,,338,4190,311
2010-08-30T00:00:00Z,18,7.8,4.7,0,2120,,428,5340,396
2010-08-30T00:00:00Z,20,7.7,4.9,0,2440,,493,5640,460
2010-08-30T00:00:00Z,22,7.6,6.1,0,2870,,568,6640,502
2010-10-05T00:00:00Z,0,8.7,5.6,32,219,,66,710,26
2010-10-05T00:00:00Z,4,8.7,4.2,0,180,,64,641,20
2010-10-05T00:00:00Z,8,8.7,4.5,,,,,,
2010-10-05T00:00:00Z,20,7.7,4.4,0,3190,,617,6210,555
2010-11-09T00:00:00Z,0,8.6,,124,480,1436,97.5,36.8,62
2010-11-09T00:00:00Z,4,8.6,,122,484,1327,100.5,33,62
2010-11-09T00:00:00Z,8,8.6,,,,,,,
2010-11-09T00:00:00Z,20,8.5,,137,509,1470,116,46.5,61
2011-01-19T00:00:00Z,0,8.2,,307,588,1410,46.5,219,71
2011-01-19T00:00:00Z,4,8.3,,330,591,,82,304,69
2011-01-19T00:00:00Z,8,8.3,,319,585,1249.5,81.8,235.8,69
2011-01-19T00:00:00Z,12,,,393,615,,90,626,76
2011-01-19T00:00:00Z,16,,,394,609,,89,624,76
2011-01-19T00:00:00Z,20,,,1120,1090,2607,235,2843,207
2011-04-18T00:00:00Z,0,8.4,4.2,915,29,,66,0,7
2011-04-18T00:00:00Z,4,8.1,4,907,22,,67,0,10
2011-04-18T00:00:00Z,8,8.4,4,,,,,,
2011-04-18T00:00:00Z,12,8.5,4,,,,,,
2011-04-18T00:00:00Z,16,8.5,4.1,,,,,,
2011-04-18T00:00:00Z,20,8.4,4.2,908,26,,68,0,9
2011-05-02T00:00:00Z,0,,,861,44,,58,0,16
2011-05-02T00:00:00Z,4,,,860,47,,79,24,20
2011-05-17T00:00:00Z,0,8.4,4.2,850,103,1538,61.2,113.2,31
2011-05-17T00:00:00Z,4,8.3,4.3,831,112,,75,152,33
2011-05-17T00:00:00Z,8,8.3,4.1,828,114,1521,63,115,34
2011-05-17T00:00:00Z,12,8.4,4.1,825,126,,71,170,37
2011-05-17T00:00:00Z,16,8.3,4.4,820,155,,77,209,40
2011-05-17T00:00:00Z,20,8.3,4.2,810,156,1562,70.5,225.5,43
2011-05-31T00:00:00Z,0,,,793,228,,74,576,55
2011-05-31T00:00:00Z,4,,,783,232,,73,583,54
2011-06-13T00:00:00Z,0,8.5,4.4,766,167,,66,678,41
2011-06-13T00:00:00Z,4,8.5,4.3,767,167,,67,715,44
2011-06-13T00:00:00Z,8,8.5,4.4,766,170,,63,668,42
2011-06-13T00:00:00Z,10,8.2,4.3,739,285,,87,929,67
2011-06-13T00:00:00Z,12,8.2,4.3,709,339,,99,1180,77
2011-06-13T00:00:00Z,14,8.1,4.2,657,422,,116,1370,93
2011-06-13T00:00:00Z,16,8,4.3,636,462,,123,1420,101
2011-06-13T00:00:00Z,18,7.9,4.5,590,573,,148,1600,125
2011-06-13T00:00:00Z,20,7.8,4.3,521,679,,177,1950,149
2011-06-13T00:00:00Z,22,7.7,4.4,447,808,,216,2450,184
2011-07-11T00:00:00Z,0,8.9,2.8,379,20,,31,1510,0
2011-07-11T00:00:00Z,4,8.9,8.8,382,21,,27,1510,0
2011-07-11T00:00:00Z,8,8.3,8.1,564,252,,51,1970,12
2011-07-11T00:00:00Z,10,8.2,8.7,596,266,,66,1730,33
2011-07-11T00:00:00Z,12,7.8,7.6,682,406,,167,2490,135
2011-07-11T00:00:00Z,14,7.7,7.9,569,599,,195,2460,169
2011-07-11T00:00:00Z,16,7.7,7.9,394,777,,224,2650,192
2011-07-11T00:00:00Z,18,7.6,8,149,971,,300,3260,256
2011-07-11T00:00:00Z,20,7.6,8.1,0,1190,,361,3720,301
2011-07-11T00:00:00Z,22,7.6,8.8,0,1230,,378,4010,322
2011-07-25T00:00:00Z,0,,,92,19,,22,1910,0
2011-07-25T00:00:00Z,4,,,94,23,,22,1900,0
2011-08-04T00:00:00Z,0,8.7,,120,52,741,13,1605.5,3
2011-08-04T00:00:00Z,4,8.7,,118,54,844,17.2,1591,4
2011-08-04T00:00:00Z,6,8.2,,,,1001,15,1117,
2011-08-04T00:00:00Z,8,7.9,,259,400,1214,14.5,1726,6
2011-08-04T00:00:00Z,10,7.8,,390,472,,35,2650,16
2011-08-04T00:00:00Z,12,7.7,,336,602,1484,136,2163,125
2011-08-04T00:00:00Z,14,7.6,,85,873,,224,3060,209
2011-08-04T00:00:00Z,16,7.6,,0,1120,1629,252,2358.5,249
2011-08-04T00:00:00Z,18,7.6,,0,1610,,379,3860,357
2011-08-04T00:00:00Z,20,7.5,,0,2110,2749,470,3370.5,460
2011-08-04T00:00:00Z,22,7.5,,0,2450,3115,527.5,6270.5,524
2011-08-22T00:00:00Z,0,,,71,0,,16,2340,0
2011-08-22T00:00:00Z,4,,,73,0,,20,2330,0
2011-09-12T00:00:00Z,0,8.8,,50,0,,20,2530,0
2011-09-12T00:00:00Z,4,8.8,,58,0,,21,2540,0
2011-09-12T00:00:00Z,8,8.7,,59,30,,18,2530,0
2011-09-12T00:00:00Z,10,8.6,,60,58,,18,2540,0
2011-09-12T00:00:00Z,12,7.7,,0,1120,,150,3530,128
2011-09-12T00:00:00Z,14,7.7,,0,1430,,288,3690,267
2011-09-12T00:00:00Z,16,7.6,,0,1870,,387,4160,376
2011-09-12T00:00:00Z,18,7.6,,0,2740,,539,5220,519
2011-09-12T00:00:00Z,20,7.5,,0,3090,,607,5760,581
2011-09-12T00:00:00Z,22,7.5,,0,3520,,680,6530,542
2011-10-03T00:00:00Z,0,8.2,,58,313,,88,3060,40
2011-10-03T00:00:00Z,4,8.2,,66,338,,85,3060,42
2011-10-03T00:00:00Z,8,8.2,,,,,,,
2011-10-03T00:00:00Z,20,7.4,,0,2960,,580,5620,551
2011-10-31T00:00:00Z,0,8.2,,76,523,999.5,111.5,597,69
2011-10-31T00:00:00Z,4,8.2,,72,519,1087,112.5,603,69
2011-10-31T00:00:00Z,8,8.2,,,,,,,
2011-10-31T00:00:00Z,20,8.2,,76,533,1128,125.5,695,70
2012-02-22T00:00:00Z,0,8,4.4,482,244,1171,50.8,75,29
2012-02-22T00:00:00Z,4,7.9,,481,252,,77,0,30
2012-02-22T00:00:00Z,8,8,4.3,482,241,1121,64,92,31
2012-02-22T00:00:00Z,12,,,470,223,,66,24,29
2012-02-22T00:00:00Z,16,7.9,,452,199,729,40.5,74.5,24
2012-02-28T00:00:00Z,1,,0,,,,,,
2012-02-28T00:00:00Z,3,,4.5,,,,,,
2012-02-28T00:00:00Z,4,,4.5,,,,,,
2012-02-28T00:00:00Z,5,,4.5,,,,,,
2012-03-21T00:00:00Z,0,,,627,101,,69,344,12
2012-03-21T00:00:00Z,4,,,627,95,,74,355,12
2012-04-04T00:00:00Z,0,,,620,93,,51,40,13
2012-04-04T00:00:00Z,4,,,623,98,,58,38,14
2012-04-17T00:00:00Z,0,8.3,4.5,,,1099,47,268,32
2012-04-17T00:00:00Z,4,8.2,4.5,612,198,,63,396,33
2012-04-17T00:00:00Z,8,8,4.6,615,198,1220,60,277,34
2012-04-17T00:00:00Z,12,8.2,4.6,611,198,,86,411,33
2012-04-17T00:00:00Z,16,8.2,4.7,600,200,,53,411,34
2012-04-17T00:00:00Z,20,8.2,4.7,601,201,1107,51.8,290.8,35
2012-05-01T00:00:00Z,0,,,612,292,,66,828,49
2012-05-01T00:00:00Z,4,,,603,287,,67,831,49
2012-05-14T00:00:00Z,0,8.3,,603,230,,61,1020,36
2012-05-14T00:00:00Z,4,8.3,,602,240,,83,1060,39
2012-05-14T00:00:00Z,8,8.2,,,,,,,
2012-05-14T00:00:00Z,12,8.1,,,,,,,
2012-05-14T00:00:00Z,16,8.1,,,,,,,
2012-05-14T00:00:00Z,20,8,,493,532,,118,1990,93
2012-05-29T00:00:00Z,0,,,539,181,,50,1110,27
2012-05-29T00:00:00Z,4,,,540,186,,55,1090,27
2012-06-11T00:00:00Z,0,8.7,4.6,478,61,,43,1330,8
2012-06-11T00:00:00Z,4,8.7,4.7,476,57,,41,1310,11
2012-06-11T00:00:00Z,8,8.6,4.5,479,73,,42,1400,15
2012-06-11T00:00:00Z,10,8.2,4.6,504,228,,69,1750,51
2012-06-11T00:00:00Z,12,8.1,4.3,495,309,,93,2340,76
2012-06-11T00:00:00Z,14,7.8,4.3,496,479,,148,2850,122
2012-06-11T00:00:00Z,16,7.7,4.6,412,680,,182,3320,160
2012-06-11T00:00:00Z,18,7.6,4.6,338,827,,217,3520,191
2012-06-11T00:00:00Z,20,7.6,4.6,282,909,,244,3710,219
2012-06-11T00:00:00Z,22,7.7,4.7,207,996,,268,3920,237
2012-06-25T00:00:00Z,0,,,167,21,,31,1930,0
2012-06-25T00:00:00Z,4,,,171,18,,36,1970,0
2012-07-10T00:00:00Z,0,8.7,4.9,0,0,,18,2210,0
2012-07-10T00:00:00Z,4,8.7,4.7,0,0,,19,2270,0
2012-07-10T00:00:00Z,8,8.1,4.2,248,220,,21,2730,0
2012-07-10T00:00:00Z,10,7.9,4.4,332,334,,20,3070,0
2012-07-10T00:00:00Z,12,7.6,4.3,396,444,,48,3530,20
2012-07-10T00:00:00Z,14,7.5,4.3,349,598,,192,3840,163
2012-07-10T00:00:00Z,16,7.4,4.5,0,1120,,287,4200,246
2012-07-10T00:00:00Z,18,7.4,4.4,0,1410,,343,4470,300
2012-07-10T00:00:00Z,20,7.3,4.4,0,1760,,407,5120,360
2012-07-10T00:00:00Z,22,7.3,4.6,0,2030,,445,5240,399
2012-07-23T00:00:00Z,0,,,0,0,,18,2700,0
2012-07-23T00:00:00Z,4,,,0,0,,20,2700,0
2012-08-06T00:00:00Z,0,8.9,5,0,0,498,11,2116.5,0
2012-08-06T00:00:00Z,4,8.8,4.8,0,0,603,15.5,2122,0
2012-08-06T00:00:00Z,6,8.8,4.7,,,503,2,1375,
2012-08-06T00:00:00Z,8,8.8,4.7,0,16,505,11.5,2135.5,0
2012-08-06T00:00:00Z,10,7.9,4.2,20,393,,25,3270,0
2012-08-06T00:00:00Z,12,7.8,4.4,0,765,944,66,2862,34
2012-08-06T00:00:00Z,14,7.7,4,0,1060,,229,4110,198
2012-08-06T00:00:00Z,16,7.6,4.1,0,1340,1376,304.8,3230.8,280
2012-08-06T00:00:00Z,18,7.5,4.4,0,1800,,395,4870,370
2012-08-06T00:00:00Z,20,7.5,4.6,0,2320,2228,487,4132,462
2012-08-06T00:00:00Z,22,7.6,4.8,0,2710,2531,545,4583.5,514
2012-08-20T00:00:00Z,0,,,0,0,,17,3030,0
2012-08-20T00:00:00Z,4,,,0,0,,19,3020,0
2012-09-04T00:00:00Z,0,8.8,5.1,0,0,,14,3110,0
2012-09-04T00:00:00Z,4,8.8,4.9,0,0,,17,3150,0
2012-09-04T00:00:00Z,8,8.7,4.7,0,0,,17,3170,0
2012-09-04T00:00:00Z,10,8.6,4.8,0,24,,17,3230,0
2012-09-04T00:00:00Z,12,7.7,4.2,0,992,,97,4450,69
2012-09-04T00:00:00Z,14,7.3,4.2,0,1480,,288,4800,275
2012-09-04T00:00:00Z,16,7.5,4.1,0,1730,,361,4960,343
2012-09-04T00:00:00Z,18,7.4,4.2,0,2300,,465,5650,449
2012-09-04T00:00:00Z,20,7.4,4.5,0,3050,,586,6700,474
2012-09-04T00:00:00Z,22,7.4,4.6,0,3390,,637,7120,625
2012-10-01T00:00:00Z,0,8.6,4.7,0,0,,30,172,0
2012-10-01T00:00:00Z,4,8.4,5.1,0,0,,33,130,0
2012-10-01T00:00:00Z,8,8.4,4.1,,,,,,
2012-10-01T00:00:00Z,20,7.2,4.7,0,3210,,591,6310,552
2012-10-29T00:00:00Z,0,8.6,5,45,363,2363,61,144.5,34
2012-10-29T00:00:00Z,4,8.6,5.3,48,362,2396,61.5,144,35
2012-10-29T00:00:00Z,8,8.6,4.9,,,,,,
2012-10-29T00:00:00Z,20,8.6,5.1,45,345,2300.5,60.2,148,40
2012-11-29T00:00:00Z,0,8.6,4.6,103,436,,112,606,36
2012-11-29T00:00:00Z,4,8.6,5,89,428,,93,348,38
2012-11-29T00:00:00Z,8,8.6,5,103,447,,83,321,38
2012-11-29T00:00:00Z,12,,,127,436,,84,339,37
2012-11-29T00:00:00Z,20,8.6,5,103,436,,65,362,37
2013-02-12T00:00:00Z,0,,5,,,898,60,65,
2013-02-12T00:00:00Z,4,,5,,,,,,
2013-02-12T00:00:00Z,8,,5,,,955,59,97,
2013-02-12T00:00:00Z,20,,5,,,1382,113,601,
2013-04-29T00:00:00Z,0,8.6,5.8,570,100,1299,77,0,10
2013-04-29T00:00:00Z,4,8.5,6.6,570,130,,70,0,20
2013-04-29T00:00:00Z,8,8.5,6.1,570,130,1199,73.5,15,20
2013-04-29T00:00:00Z,12,8.4,5.7,570,170,,70,0,20
2013-04-29T00:00:00Z,16,8.4,5.7,550,190,,60,30,20
2013-04-29T00:00:00Z,20,8.4,6.3,560,190,1242.5,80.8,0,20
2013-05-14T00:00:00Z,0,8.7,6.5,510,140,,60,180,10
2013-05-14T00:00:00Z,4,8.7,6.2,520,140,,70,180,20
2013-05-14T00:00:00Z,8,8.7,6.7,,,,,,
2013-05-14T00:00:00Z,12,8.7,6.6,,,,,,
2013-05-14T00:00:00Z,16,8.6,6.2,,,,,,
2013-05-14T00:00:00Z,20,8.6,5.8,530,200,,70,230,30
2013-05-28T00:00:00Z,0,,,510,170,,50,260,30
2013-05-28T00:00:00Z,4,,,520,170,,60,270,20
2013-06-10T00:00:00Z,0,8.3,4,520,190,,40,470,20
2013-06-10T00:00:00Z,4,8.3,3.6,510,190,,40,430,20
2013-06-10T00:00:00Z,8,8.3,4.7,510,190,,50,440,30
2013-06-10T00:00:00Z,10,8.2,4.7,490,270,,70,730,40
2013-06-10T00:00:00Z,12,8.1,4.9,330,330,,90,980,70
2013-06-10T00:00:00Z,14,8,4.4,470,420,,120,1160,90
2013-06-10T00:00:00Z,16,7.9,4.3,470,450,,120,1070,90
2013-06-10T00:00:00Z,18,7.8,4.5,430,560,,140,1230,120
2013-06-10T00:00:00Z,20,7.6,4,310,850,,260,2130,220
2013-06-10T00:00:00Z,22,7.6,4.6,260,930,,300,2330,240
2013-06-24T00:00:00Z,0,,,390,30,,30,720,0
2013-06-24T00:00:00Z,4,,,400,30,,40,510,0
2013-07-08T00:00:00Z,0,8.9,4.2,180,20,,40,1190,0
2013-07-08T00:00:00Z,4,8.9,5,200,30,,30,1190,0
2013-07-08T00:00:00Z,8,8.7,4.8,340,110,,20,1290,0
2013-07-08T00:00:00Z,10,7.8,4.4,420,460,,140,1760,100
2013-07-08T00:00:00Z,12,7.7,4.1,430,530,,190,2170,160
2013-07-08T00:00:00Z,14,7.7,4.3,400,620,,210,2130,170
2013-07-08T00:00:00Z,16,7.6,4.4,270,800,,260,2440,0
2013-07-08T00:00:00Z,18,7.6,4.5,230,860,,270,2450,230
2013-07-08T00:00:00Z,20,7.6,4.3,180,860,,280,2480,230
2013-07-08T00:00:00Z,22,7.6,4.2,0,1170,,350,2970,300
2013-07-22T00:00:00Z,0,,,0,0,,30,860,0
2013-07-22T00:00:00Z,4,,,20,0,,30,900,0
2013-08-05T00:00:00Z,0,8.7,4.8,20,130,779,32.5,867.5,0
2013-08-05T00:00:00Z,4,8.7,5.1,20,40,857,33.5,897.5,0
2013-08-05T00:00:00Z,6,8.7,4.7,,,1129,52,527,
2013-08-05T00:00:00Z,8,8.6,4.8,30,80,667,28,881.5,0
2013-08-05T00:00:00Z,10,7.7,4.2,350,420,,60,1770,30
2013-08-05T00:00:00Z,12,7.6,4.7,240,740,1313,205,1798.5,170
2013-08-05T00:00:00Z,14,7.6,4.6,0,1060,,260,2680,230
2013-08-05T00:00:00Z,16,7.5,4.9,0,1270,1679,314.5,2900,270
2013-08-05T00:00:00Z,18,7.5,4.9,0,1430,,340,3180,300
2013-08-05T00:00:00Z,20,7.5,5,0,1830,1802,351.5,3200,320
2013-08-05T00:00:00Z,22,7.5,4.9,0,1840,2039,395.2,3620,360
2013-08-21T00:00:00Z,0,,,0,20,,20,1440,0
2013-08-21T00:00:00Z,4,,,0,0,,20,1440,0
2013-09-04T00:00:00Z,0,8.7,5.9,0,0,,20,1650,0
2013-09-04T00:00:00Z,4,8.7,6.3,0,0,,20,1660,0
2013-09-04T00:00:00Z,8,8.7,5.9,0,0,,20,1650,0
2013-09-04T00:00:00Z,10,7.7,5.1,0,480,,30,2040,0
2013-09-04T00:00:00Z,12,7.6,5.1,0,940,,170,2780,130
2013-09-04T00:00:00Z,14,7.6,6,0,1110,,260,3010,220
2013-09-04T00:00:00Z,16,7.5,5.6,0,1320,,310,3210,280
2013-09-04T00:00:00Z,18,7.5,5.5,0,1790,,400,3790,350
2013-09-04T00:00:00Z,20,7.4,5.4,0,2110,,440,4160,400
2013-09-04T00:00:00Z,22,7.5,5.9,,,,,,
2013-09-30T00:00:00Z,0,8.7,3.8,0,0,,30,1700,0
2013-09-30T00:00:00Z,4,8.7,3.9,0,0,,30,1720,0
2013-09-30T00:00:00Z,8,8.6,4,,,,,,
2013-09-30T00:00:00Z,20,7.5,4.4,0,2290,,460,4420,420
2013-10-29T00:00:00Z,0,8.1,4.4,20,370,1043,84.5,858.5,50
2013-10-29T00:00:00Z,4,8.1,4.3,30,380,1005.5,88.5,845.5,50
2013-10-29T00:00:00Z,8,8.1,4,,,,,,
2013-10-29T00:00:00Z,20,8.1,4.2,30,370,940,82.5,811,50
2013-12-02T00:00:00Z,0,8.6,5.3,130,470,,80,0,50
2013-12-02T00:00:00Z,4,8.6,5.2,130,470,,80,0,60
2013-12-02T00:00:00Z,8,8.5,5.3,,,,,,
2013-12-02T00:00:00Z,20,8.5,5.1,130,480,,80,50,60
2014-02-03T00:00:00Z,0,7.9,4.8,,,1087,72,42,
2014-02-03T00:00:00Z,4,7.9,5.3,450,200,,70,40,50
2014-02-03T00:00:00Z,8,7.8,5,470,200,1056,68.5,50,50
2014-02-03T00:00:00Z,12,,,570,250,,70,470,60
2014-02-03T00:00:00Z,16,,,430,380,,90,960,70
2014-02-03T00:00:00Z,20,7.3,4.9,850,800,2009,165.2,1995,140
2014-04-29T00:00:00Z,0,8.1,4.2,800,100,1504,84,191.5,40
2014-04-29T00:00:00Z,4,8,4.9,750,100,,90,230,40
2014-04-29T00:00:00Z,8,8,5,790,90,1442,90.5,197.5,40
2014-04-29T00:00:00Z,12,8.1,4.4,800,100,,90,240,40
2014-04-29T00:00:00Z,16,8,4.3,790,100,,80,250,40
2014-04-29T00:00:00Z,20,8,5,780,100,1569,84,199.2,30
2014-05-14T00:00:00Z,0,8.2,4.9,710,0,,70,70,20
2014-05-14T00:00:00Z,4,8.2,4.6,710,0,,80,50,20
2014-05-14T00:00:00Z,8,8.2,4.7,,,,,,
2014-05-14T00:00:00Z,12,8,4.6,,,,,,
2014-05-14T00:00:00Z,16,7.7,4.6,,,,,,
2014-05-14T00:00:00Z,20,7.6,4.6,720,140,,90,260,50
2014-05-28T00:00:00Z,0,,,350,60,,60,,10
2014-06-09T00:00:00Z,0,8.4,5,390,30,,80,,10
2014-06-09T00:00:00Z,4,8.4,5,400,50,,40,,10
2014-06-09T00:00:00Z,8,8.2,4.7,630,210,,60,,40
2014-06-09T00:00:00Z,10,8,4.5,650,250,,80,,60
2014-06-09T00:00:00Z,12,8,4.4,650,240,,80,,70
2014-06-09T00:00:00Z,14,7.9,4.5,630,330,,100,,80
2014-06-09T00:00:00Z,16,7.8,4.5,620,330,,100,,80
2014-06-09T00:00:00Z,18,7.8,4.4,590,410,,120,,100
2014-06-09T00:00:00Z,20,7.7,4.5,510,550,,160,,140
2014-06-09T00:00:00Z,22,7.6,4.5,510,570,,170,,130
2014-06-23T00:00:00Z,0,,,190,20,,30,,0
2014-06-23T00:00:00Z,4,,,250,70,,30,,0
2014-07-07T00:00:00Z,0,8.9,5.1,110,20,,50,,0
2014-07-07T00:00:00Z,4,8.9,4.7,110,20,,40,,0
2014-07-07T00:00:00Z,8,8.3,4.4,400,230,,30,,10
2014-07-07T00:00:00Z,10,7.9,4.2,680,240,,80,,50
2014-07-07T00:00:00Z,12,7.7,4.4,880,130,,120,,90
2014-07-07T00:00:00Z,14,7.7,4.5,830,240,,160,,130
2014-07-07T00:00:00Z,16,7.6,4.3,480,550,,220,,170
2014-07-07T00:00:00Z,18,7.6,4.3,60,860,,280,,220
2014-07-07T00:00:00Z,20,7.6,4.1,0,970,,300,,210
2014-07-07T00:00:00Z,22,7.6,4.2,0,1090,,310,,250
2014-07-21T00:00:00Z,4,,,0,30,,30,,0
2014-08-04T00:00:00Z,0,8.9,4.9,0,20,494,29,811,0
2014-08-04T00:00:00Z,4,8.8,4.7,0,0,628,29.5,507,0
2014-08-04T00:00:00Z,6,8.7,4.6,,,985,32,518,
2014-08-04T00:00:00Z,8,8.4,4.6,50,50,599,29.5,547,0
2014-08-04T00:00:00Z,10,7.7,4.7,440,190,,20,,0
2014-08-04T00:00:00Z,12,7.6,4.6,510,330,1270,96.5,655,80
2014-08-04T00:00:00Z,14,7.6,4.3,390,510,,160,,140
2014-08-04T00:00:00Z,16,7.6,4.6,30,890,1431,246.5,1045,220
2014-08-04T00:00:00Z,18,7.6,4.7,0,1190,,290,,250
2014-08-04T00:00:00Z,20,7.5,4.5,0,1660,2162,381,1438,340
2014-08-04T00:00:00Z,22,7.5,4.6,0,1760,2261,392,1453,350
2014-08-20T00:00:00Z,0,,,0,0,,30,1200,0
2014-08-20T00:00:00Z,4,,,0,0,,30,,0
2014-09-02T00:00:00Z,0,8.8,4.7,0,0,,20,1180,0
2014-09-02T00:00:00Z,4,8.8,4.8,0,0,,20,,0
2014-09-02T00:00:00Z,8,8.8,4.8,0,0,,20,,0
2014-09-02T00:00:00Z,10,7.8,4.6,0,320,,20,,0
2014-09-02T00:00:00Z,12,7.6,4.7,0,740,,120,,90
2014-09-02T00:00:00Z,14,7.6,4.7,0,790,,170,,140
2014-09-02T00:00:00Z,16,7.5,4.8,0,1190,,260,,230
2014-09-02T00:00:00Z,18,7.5,4.6,0,1470,,320,,290
2014-09-02T00:00:00Z,20,7.5,4.7,0,1790,,370,,330
2014-09-02T00:00:00Z,22,7.4,4.8,0,2120,,440,,400
2014-09-28T00:00:00Z,0,8.8,4.5,,,,,,
2014-09-28T00:00:00Z,4,8.8,4.4,,,,,,
2014-09-28T00:00:00Z,8,8.6,4.4,,,,,,
2014-09-28T00:00:00Z,20,7.4,4.4,,,,,,
2014-10-30T00:00:00Z,0,8.1,4.5,50,390,1003,96,584.5,70
2014-10-30T00:00:00Z,4,8.2,4.2,40,380,1003,91.2,418.5,60
2014-10-30T00:00:00Z,8,8.1,4.4,,,,,,
2014-10-30T00:00:00Z,20,8.1,4.3,50,400,949,98,450,60
2015-02-11T00:00:00Z,0,8.2,4.7,394,260,1386,117,7,65
2015-02-11T00:00:00Z,4,8.1,4.4,394,279,1280,92,,67
2015-02-11T00:00:00Z,8,8.1,4.7,395,276,1205.5,92,21,67
2015-02-11T00:00:00Z,12,,,433,278,1340,94,,70
2015-02-11T00:00:00Z,16,,,648,512,1820,140,,115
2015-02-11T00:00:00Z,20,7.6,4.4,844,839,2456.2,241.8,1302.5,196
2015-04-10T00:00:00Z,0,,,699,0,1290,102,0,26
2015-04-10T00:00:00Z,4,,,715,0,1330,108,,29
2015-04-24T00:00:00Z,0,8.4,4.4,627,28,1212,84,7,32
2015-04-24T00:00:00Z,4,8.3,4.6,629,31,,92,,33
2015-04-24T00:00:00Z,8,8.3,4.6,647,37,1340,87.2,29.5,34
2015-04-24T00:00:00Z,12,8.3,4.8,627,42,,79,,33
2015-04-24T00:00:00Z,16,8.2,4.7,639,42,,79,,34
2015-04-24T00:00:00Z,20,8.3,4.7,632,43,1287,76.5,25,35
2015-05-01T00:00:00Z,0,,,494,0,1200,59,0,15
2015-05-01T00:00:00Z,4,,,580,0,1320,78,,26
2015-05-13T00:00:00Z,0,8.8,4.2,292,17,1100,46,0,0
2015-05-13T00:00:00Z,4,8.7,4.7,298,37,1230,75,,3
2015-05-13T00:00:00Z,8,8.7,4.4,,,,,,
2015-05-13T00:00:00Z,12,8.3,5,,,,,,
2015-05-13T00:00:00Z,16,8.2,4.9,,,,,,
2015-05-13T00:00:00Z,20,8.2,4.2,531,161,1290,87,,50
2015-05-27T00:00:00Z,0,,,220,145,1180,46,0,19
2015-05-27T00:00:00Z,4,,,219,144,1000,57,,19
2015-06-08T00:00:00Z,0,8.6,5.2,261,85,1080,61,274,25
2015-06-08T00:00:00Z,4,8.6,5.7,256,99,1020,49,,25
2015-06-08T00:00:00Z,8,8.4,5.3,256,231,1090,58,,43
2015-06-08T00:00:00Z,10,8.2,5,284,339,1210,89,,74
2015-06-08T00:00:00Z,12,8.1,5,331,395,1260,108,,96
2015-06-08T00:00:00Z,14,8,5,,,,,,
2015-06-08T00:00:00Z,16,7.8,4.9,355,433,1430,127,,114
2015-06-08T00:00:00Z,18,7.7,5.1,342,539,1480,156,,141
2015-06-08T00:00:00Z,20,7.7,4.9,339,576,1530,164,,152
2015-06-08T00:00:00Z,22,7.6,5,284,763,1730,227,,198
2015-06-23T00:00:00Z,0,,,101,45,1080,53,475,3
2015-06-23T00:00:00Z,4,,,105,41,1110,54,,4
2015-07-08T00:00:00Z,0,8.9,5.2,0,0,796,43,749,0
2015-07-08T00:00:00Z,4,8.9,5.3,0,0,759,39,,0
2015-07-08T00:00:00Z,8,8.3,5,147,280,1050,34,,3
2015-07-08T00:00:00Z,10,8,5,233,499,1350,105,,73
2015-07-08T00:00:00Z,12,7.8,5,325,534,1440,169,,136
2015-07-08T00:00:00Z,14,7.8,4.9,196,711,1530,207,,172
2015-07-08T00:00:00Z,16,7.8,4.8,0,890,1530,245,,206
2015-07-08T00:00:00Z,18,7.7,5.2,0,1360,1960,334,,286
2015-07-08T00:00:00Z,20,7.7,5,0,1430,1900,351,,297
2015-07-08T00:00:00Z,22,7.6,5.3,0,1670,1230,389,,337
2015-07-20T00:00:00Z,4,,,0,0,757,40,,0
2015-08-03T00:00:00Z,0,8.9,5.5,0,0,725,33,654,0
2015-08-03T00:00:00Z,4,9,5.6,0,0,694.5,30.5,398,0
2015-08-03T00:00:00Z,6,8.9,5.3,,,697,33,403,
2015-08-03T00:00:00Z,8,8.9,5.3,0,0,681,29.5,406,0
2015-08-03T00:00:00Z,10,8.2,5,0,385,1030,48,,12
2015-08-03T00:00:00Z,12,8,5.1,0,686,1232,130,697,103
2015-08-03T00:00:00Z,14,7.9,5,0,969,1610,,,179
2015-08-03T00:00:00Z,16,7.8,5.3,0,1320,1895,275,1111,252
2015-08-03T00:00:00Z,18,7.8,5.1,0,1790,2520,,,332
2015-08-03T00:00:00Z,20,7.7,5.2,0,1870,2546.5,373,1773,350
2015-08-03T00:00:00Z,22,7.7,5,0,1980,2675.5,386.5,1786,185
2015-08-18T00:00:00Z,0,,,0,17,854,23,1050,0
2015-08-18T00:00:00Z,4,,,0,26,591,22,,3
2015-08-31T00:00:00Z,0,8.8,4.9,,,,,,
2015-08-31T00:00:00Z,4,8.7,5.1,0,0,607,26,,2
2015-08-31T00:00:00Z,8,8.6,4.8,0,0,586,26,,2
2015-08-31T00:00:00Z,10,8.5,5,0,24,555,27,,2
2015-08-31T00:00:00Z,12,8.1,4.9,0,864,1450,123,,90
2015-08-31T00:00:00Z,14,7.6,5,0,1470,1950,274,,251
2015-08-31T00:00:00Z,16,7.5,5.8,,,,,,
2015-08-31T00:00:00Z,18,7.5,4.9,0,2060,2600,369,,343
2015-08-31T00:00:00Z,20,7.5,4.9,0,2390,2900,432,,387
2015-08-31T00:00:00Z,22,7.8,5,0,2660,3210,473,,452
2015-10-07T00:00:00Z,0,8.4,5,0,100,686,42,1700,6
2015-10-07T00:00:00Z,4,8.4,5,0,103,693,41,,6
2015-10-07T00:00:00Z,8,8.3,5,,,,,,
2015-10-07T00:00:00Z,20,7.4,5,0,2940,3500,485,,486
2015-11-02T00:00:00Z,0,8.1,4.5,0,489,1150.5,97.5,1143,61
2015-11-02T00:00:00Z,4,8.1,4.6,0,479,1111.5,98,762,58
2015-11-02T00:00:00Z,8,8.1,4.7,,,,,,
2015-11-02T00:00:00Z,20,8.5,4.6,0,468,1088.5,94,753,59
2016-01-27T00:00:00Z,0,8.3,5.2,307,478,1346.5,83.5,14.5,52
2016-01-27T00:00:00Z,4,8.4,5.3,308,481,1390,81,,53
2016-01-27T00:00:00Z,8,8.3,5.2,309,483,1330.5,82,38,52
2016-01-27T00:00:00Z,12,,,313,482,1410,80,,52
2016-01-27T00:00:00Z,16,,,338,482,1450,83,,53
2016-01-27T00:00:00Z,20,8.2,5,400,572,1426,74,611,78
2016-03-28T00:00:00Z,0,,,652,41,1440,81,0,11
2016-03-28T00:00:00Z,4,,,650,37,1460,89,,10
2016-04-12T00:00:00Z,0,8.5,4.7,646,43,1295.5,53.5,16.5,10
2016-04-12T00:00:00Z,4,8.4,4.5,646,45,1430,70,,11
2016-04-12T00:00:00Z,8,8.4,4.5,644,47,1413.5,68.5,72,11
2016-04-12T00:00:00Z,12,8.4,4.5,640,48,1450,70,,12
2016-04-12T00:00:00Z,16,8.4,4.6,645,53,1410,70,,14
2016-04-12T00:00:00Z,20,8.4,4.6,645,59,1374,68.2,19,13
2016-04-25T00:00:00Z,0,,,506,0,1450,39,102,0
2016-04-25T00:00:00Z,4,,,541,32,1350,54,,2
2016-05-11T00:00:00Z,0,8.5,4.9,565,180,1280,49,434,28
2016-05-11T00:00:00Z,4,8.5,4.6,564,180,1450,58,,27
2016-05-11T00:00:00Z,8,8.5,4.6,,,,,,
2016-05-11T00:00:00Z,12,8.5,4.8,,,,,,
2016-05-11T00:00:00Z,16,8.4,4.8,,,,,,
2016-05-11T00:00:00Z,20,8.3,4.7,551,244,1370,73,,39
2016-05-23T00:00:00Z,0,,,523,134,1200,45,581,17
2016-05-23T00:00:00Z,4,,,521,125,1170,55,,18
2016-06-07T00:00:00Z,0,8.9,4.9,315,40,1080,23,688,0
2016-06-07T00:00:00Z,4,8.8,4.9,338,47,1050,49,,0
2016-06-07T00:00:00Z,8,8.7,4.8,375,94,1270,39,,2
2016-06-07T00:00:00Z,10,8.3,4.7,458,260,1580,92,,45
2016-06-07T00:00:00Z,12,8.2,4.6,431,340,1520,104,,73
2016-06-07T00:00:00Z,14,8.2,4.6,442,363,1570,113,,79
2016-06-07T00:00:00Z,16,8.2,4.8,459,384,1590,112,,81
2016-06-07T00:00:00Z,18,8.1,4.6,441,430,1620,124,,91
2016-06-07T00:00:00Z,20,8.1,4.8,382,589,1750,170,,132
2016-06-07T00:00:00Z,22,8,4.7,367,645,1920,185,,147
2016-06-20T00:00:00Z,0,,,323,45,1040,26,1110,0
2016-06-20T00:00:00Z,4,,,320,43,919,24,,0
2016-07-05T00:00:00Z,0,8.9,4.9,38,23,774,26,1480,0
2016-07-05T00:00:00Z,4,8.9,4.7,35,22,791,28,,0
2016-07-05T00:00:00Z,8,8.4,4.7,301,218,1230,27,,0
2016-07-05T00:00:00Z,10,8.1,4.6,,,,,,
2016-07-05T00:00:00Z,12,8,4.9,286,642,1670,184,,133
2016-07-05T00:00:00Z,14,7.9,4.7,336,667,1760,205,,156
2016-07-05T00:00:00Z,16,7.9,4.9,223,745,1790,242,,181
2016-07-05T00:00:00Z,18,7.8,4.7,0,1000,1800,302,,217
2016-07-05T00:00:00Z,20,7.8,4.8,0,1280,2050,365,,278
2016-07-05T00:00:00Z,22,7.8,4.8,0,1410,2980,550,,288
2016-07-18T00:00:00Z,0,,,0,0,636,22,1550,0
2016-07-18T00:00:00Z,4,,,0,0,627,23,,0
2016-08-01T00:00:00Z,0,8.8,4.8,0,21,579,19.5,1379,0
2016-08-01T00:00:00Z,4,8.8,4.6,0,0,587.5,21.5,878,2
2016-08-01T00:00:00Z,6,8.8,4.8,,,529,13,878,
2016-08-01T00:00:00Z,8,8.3,4.6,24,175,733.2,20.8,920,3
2016-08-01T00:00:00Z,10,8.1,4.6,0,446,1050,22,,2
2016-08-01T00:00:00Z,12,8,4.7,0,764,1293.5,81,1236,37
2016-08-01T00:00:00Z,14,8,4.7,0,966,1620,174,,117
2016-08-01T00:00:00Z,16,7.9,4.7,0,1240,1800,278,1504,214
2016-08-01T00:00:00Z,18,7.8,4.7,0,1340,1990,321,,241
2016-08-01T00:00:00Z,20,7.8,4.8,0,1520,2191,341,1659,276
2016-08-01T00:00:00Z,22,7.8,4.8,0,1600,2195.5,356,1766,291
2016-08-15T00:00:00Z,0,,,0,0,540,23,1860,2
2016-08-15T00:00:00Z,4,,,0,0,531,14,,0
2016-08-30T00:00:00Z,0,8.8,4.4,0,0,496,18,1750,4
2016-08-30T00:00:00Z,4,8.8,4.3,0,0,482,22,,3
2016-08-30T00:00:00Z,8,8.7,4.4,,,,,,
2016-08-30T00:00:00Z,10,7.8,4.2,,,,,,
2016-08-30T00:00:00Z,12,7.7,4.2,0,970,1670,118,,85
2016-08-30T00:00:00Z,14,7.8,4.2,,,,,,
2016-08-30T00:00:00Z,16,7.7,4.3,0,1450,2200,302,,242
2016-08-30T00:00:00Z,18,7.7,4.2,,,,,,
2016-08-30T00:00:00Z,20,7.9,4.3,0,2100,2910,431,,343
2016-08-30T00:00:00Z,22,7.7,4.3,,,,,,
2016-10-04T00:00:00Z,0,8.5,4.5,0,109,777,38,2070,5
2016-10-04T00:00:00Z,4,8.5,4.4,0,106,717,35,,5
2016-10-04T00:00:00Z,8,8.4,4.3,,,,,,
2016-10-04T00:00:00Z,20,7.7,4.4,0,2500,3280,432,,383
2016-11-09T00:00:00Z,0,8.2,4.5,0,0,908,45.5,779,50
2016-11-09T00:00:00Z,4,8.2,4.6,35,366,989,46,521,50
2016-11-09T00:00:00Z,8,8.2,4.5,,,,,,
2016-11-09T00:00:00Z,20,7.6,4.6,0,1830,2693.5,205.5,1728,270
2017-02-06T00:00:00Z,0,8.3,4.1,373,517,1714.5,141.5,348.5,90
2017-02-06T00:00:00Z,4,8.6,4.6,288,404,1430,97,,55
2017-02-06T00:00:00Z,8,8.6,4.6,334,441,1427.8,94.2,19,55
2017-02-06T00:00:00Z,12,,,372,503,1380,102,,65
2017-02-06T00:00:00Z,16,,,719,534,1940,117,,91
2017-02-06T00:00:00Z,20,8,5,1320,627,2979,226.5,1633,171
2017-04-17T00:00:00Z,0,8.7,5,,,1323.5,76,26.5,
2017-04-17T00:00:00Z,4,8.7,4.6,666,122,1580,104,,30
2017-04-17T00:00:00Z,8,8.7,4.6,664,134,1548.5,104,20,32
2017-04-17T00:00:00Z,12,8.7,4.7,613,119,1510,102,,32
2017-04-17T00:00:00Z,16,8.6,4.7,613,134,1550,103,,30
2017-04-17T00:00:00Z,20,8.6,4.7,663,154,1393.5,86,31,32
2017-05-03T00:00:00Z,0,,,656,160,1690,75,524,31
2017-05-03T00:00:00Z,4,,,653,174,1570,93,,38
2017-05-15T00:00:00Z,0,9,4.7,566,61,1330,58,0,18
2017-05-15T00:00:00Z,4,8.9,4.8,610,90,1490,72,,23
2017-05-15T00:00:00Z,8,8.9,4.6,,,,,,
2017-05-15T00:00:00Z,12,8.7,4.6,,,,,,
2017-05-15T00:00:00Z,16,8.7,4.5,,,,,,
2017-05-15T00:00:00Z,20,8.5,4.7,571,408,1570,104,,78
2017-05-30T00:00:00Z,0,,,609,275,1570,86,728,50
2017-05-30T00:00:00Z,4,,,599,273,1520,93,,49
2017-06-12T00:00:00Z,0,9.2,,492,38,1480,84,891,11
2017-06-12T00:00:00Z,4,9.1,5.9,537,35,1180,55,,18
2017-06-12T00:00:00Z,8,8.6,4.9,567,302,1380,90,,62
2017-06-12T00:00:00Z,10,8.5,4.7,,,,,,
2017-06-12T00:00:00Z,12,8.4,4.7,527,429,1530,119,,94
2017-06-12T00:00:00Z,14,8.4,4.7,,,,,,
2017-06-12T00:00:00Z,16,8.2,4.7,457,585,1410,156,,129
2017-06-12T00:00:00Z,18,8.2,4.6,,,,,,
2017-06-12T00:00:00Z,20,8.1,4.8,270,866,1790,223,,162
2017-06-12T00:00:00Z,22,8,4.9,,,,,,
2017-06-26T00:00:00Z,0,,,418,181,1300,68,1650,23
2017-06-26T00:00:00Z,4,,,426,186,1220,66,,21
2017-07-10T00:00:00Z,0,9.3,5.2,0,23,982,47,201,2
2017-07-10T00:00:00Z,4,9.2,5,0,15,832,47,,0
2017-07-10T00:00:00Z,8,8.8,4.9,295,26,979,32,,2
2017-07-10T00:00:00Z,10,8.4,4.8,,,,,,
2017-07-10T00:00:00Z,12,8.1,4.8,401,644,1600,187,,135
2017-07-10T00:00:00Z,14,8.1,4.8,,,,,,
2017-07-10T00:00:00Z,16,8,4.8,100,934,1730,237,,198
2017-07-10T00:00:00Z,18,8,4.9,,,,,,
2017-07-10T00:00:00Z,20,8,4.9,0,1490,2090,310,,247
2017-07-10T00:00:00Z,22,8,5,,,,,,
2017-07-24T00:00:00Z,0,,,0,23,776,46,287,3
2017-07-24T00:00:00Z,4,,,0,20,708,46,,4
2017-08-07T00:00:00Z,0,9.1,5.2,0,19,753,38.5,379.5,3
2017-08-07T00:00:00Z,4,9.1,5,0,19,588.5,44.5,228,2
2017-08-07T00:00:00Z,6,9,4.9,,,607,37,253,
2017-08-07T00:00:00Z,8,8.7,4.9,,,574,29,456,
2017-08-07T00:00:00Z,10,8.2,4.6,151,197,877,44,,20
2017-08-07T00:00:00Z,12,8.1,4.8,148,399,1034.2,97.2,1358.5,69
2017-08-07T00:00:00Z,14,8,4.6,0,1100,1570,230,,191
2017-08-07T00:00:00Z,16,8,4.6,0,1310,1824.5,293.5,1834,237
2017-08-07T00:00:00Z,18,8,4.7,0,1620,2100,313,,271
2017-08-07T00:00:00Z,20,7.9,4.8,0,2230,2711.5,390.5,2342,349
2017-08-07T00:00:00Z,22,7.9,4.7,0,2340,2849.5,401.5,2440,362
2017-08-23T00:00:00Z,0,,,0,0,696,32,629,4
2017-08-23T00:00:00Z,4,,,0,0,618,33,,3
2017-09-06T00:00:00Z,0,9.1,4.7,0,16,653,29,1000,0
2017-09-06T00:00:00Z,4,9.2,4.6,0,0,642,29,,0
2017-09-06T00:00:00Z,8,9.2,4.7,0,0,626,29,,0
2017-09-06T00:00:00Z,10,9.1,4.6,0,0,612,29,,0
2017-09-06T00:00:00Z,12,9.1,4.6,0,32,638,32,,0
2017-09-06T00:00:00Z,14,8.1,4.3,0,1310,1790,209,,178
2017-09-06T00:00:00Z,16,8,4.3,0,1680,2220,284,,219
2017-09-06T00:00:00Z,18,8,4.6,0,2200,2770,367,,336
2017-09-06T00:00:00Z,20,7.9,4.6,0,3010,3590,482,,441
2017-09-06T00:00:00Z,22,7.9,4.7,0,3280,3840,504,,459
2017-09-25T00:00:00Z,0,,,0,21,679,27,1290,2
2017-09-25T00:00:00Z,4,,,0,19,581,23,,0
2017-10-04T00:00:00Z,0,9,4.9,0,34,552,22,1290,0
2017-10-04T00:00:00Z,4,9,5.1,0,42,575,102,,0
2017-10-04T00:00:00Z,8,9,5,,,,,,
2017-10-04T00:00:00Z,20,7.8,5.4,0,3880,4240,544,,538
2017-11-02T00:00:00Z,0,8.5,4.6,99,652,1253,103.5,2090,82
2017-11-02T00:00:00Z,4,8.4,4.6,94,632,1222.5,108.5,1289,83
2017-11-02T00:00:00Z,8,8.4,4.6,,,,,,
2017-11-02T00:00:00Z,20,8.4,4.5,97,636,1311,102.8,1299.5,82
2017-12-19T00:00:00Z,0,8.6,5.2,302,716,1510,122,2460,91
2017-12-19T00:00:00Z,4,8.6,4.8,312,710,1570,131,2490,99
2017-12-19T00:00:00Z,8,8.6,5.3,,,,,,
2017-12-19T00:00:00Z,20,8.6,5.3,300,742,1540,124,2460,94
2018-01-23T00:00:00Z,0,8.7,4.5,342,655,1521,109,878,82
2018-01-23T00:00:00Z,4,8.6,4.7,363,649,1620,116,,85
2018-01-23T00:00:00Z,8,8.6,4.6,346,658,1574,116.5,634,83
2018-01-23T00:00:00Z,12,,,340,697,1680,119,,91
2018-01-23T00:00:00Z,16,,,409,705,1780,124,,98
2018-01-23T00:00:00Z,20,8.4,4.4,663,747,2033.2,149,1389.5,136
2018-04-05T00:00:00Z,0,,,673,466,1950,147,1280,86
2018-04-05T00:00:00Z,4,,,687,490,1980,160,,83
2018-04-20T00:00:00Z,0,,4.8,678,324,1780.8,133.5,13.2,60
2018-04-20T00:00:00Z,4,,4.8,674,334,1880,137,,68
2018-04-20T00:00:00Z,8,,4.8,666,331,1835.5,139,25,69
2018-04-20T00:00:00Z,12,,4.7,682,319,1880,133,,68
2018-04-20T00:00:00Z,16,,4.7,669,338,1860,132,,68
2018-04-20T00:00:00Z,20,,4.8,674,327,1772,136,27,64
2018-05-07T00:00:00Z,0,,,596,17,1680,85,0,12
2018-05-07T00:00:00Z,4,,,698,81,1640,101,,35
2018-05-14T00:00:00Z,0,9.1,4.9,,,,,,
2018-05-14T00:00:00Z,4,8.8,4.9,632,197,1580,99,,49
2018-05-14T00:00:00Z,8,8.8,5,,,,,,
2018-05-14T00:00:00Z,12,8.8,4.8,,,,,,
2018-05-14T00:00:00Z,16,8.7,4.9,,,,,,
2018-05-14T00:00:00Z,20,8.5,5,624,402,1710,122,785,88
2018-05-29T00:00:00Z,0,,,513,23,1620,85,564,3
2018-05-29T00:00:00Z,4,,,609,227,1540,80,,53
2018-06-11T00:00:00Z,0,9.1,6,412,204,1360,55,1100,22
2018-06-11T00:00:00Z,4,9.1,5.9,424,195,1380,56,996,23
2018-06-11T00:00:00Z,8,8.5,5.1,786,209,1670,122,,100
2018-06-11T00:00:00Z,10,8.4,5,824,199,1650,127,,108
2018-06-11T00:00:00Z,12,8.3,5.3,882,160,1660,133,,111
2018-06-11T00:00:00Z,14,8.2,5.2,888,201,1710,150,,127
2018-06-11T00:00:00Z,16,8.2,4.9,865,280,1790,159,,144
2018-06-11T00:00:00Z,18,8.2,5,852,333,1850,176,,173
2018-06-11T00:00:00Z,20,8.2,5,834,345,1910,183,2310,179
2018-06-11T00:00:00Z,22,8.1,5,720,554,1990,214,,187
2018-06-25T00:00:00Z,0,,,401,137,1450,79,1590,27
2018-06-25T00:00:00Z,4,,,417,173,1340,68,1570,29
2018-07-09T00:00:00Z,0,9.4,6,0,0,793,41,563,0
2018-07-09T00:00:00Z,4,9.4,5.9,0,0,816,41,,0
2018-07-09T00:00:00Z,8,8.4,5.4,491,242,1340,30,,7
2018-07-09T00:00:00Z,10,8.2,5.3,789,216,1570,117,,94
2018-07-09T00:00:00Z,12,8.1,5.2,824,261,1660,180,,159
2018-07-09T00:00:00Z,14,8.1,5.1,872,268,1700,185,,167
2018-07-09T00:00:00Z,16,8,5.3,772,448,1790,218,,199
2018-07-09T00:00:00Z,18,8,5.2,671,598,1860,239,,216
2018-07-09T00:00:00Z,20,8,5.3,506,763,1920,268,3800,239
2018-07-09T00:00:00Z,22,8,5.6,435,926,1980,288,,260
2018-07-23T00:00:00Z,0,,,0,0,883,41,974,0
2018-07-23T00:00:00Z,4,,,0,17,827,38,1010,0
2018-08-06T00:00:00Z,0,9.3,5,0,0,573.5,18,894,0
2018-08-06T00:00:00Z,4,9.3,5.2,0,0,621.5,21,925.5,0
2018-08-06T00:00:00Z,6,9.2,5,,,620,21,599,
2018-08-06T00:00:00Z,8,9,4.8,0,0,640.8,19.5,595.5,0
2018-08-06T00:00:00Z,10,8.1,4.8,557,250,1530,82,,59
2018-08-06T00:00:00Z,12,8.1,4.7,589,331,1492.5,151,1473,133
2018-08-06T00:00:00Z,14,8,4.6,561,452,1670,196,,206
2018-08-06T00:00:00Z,16,8,5,449,630,1663.5,223.5,1565,206
2018-08-06T00:00:00Z,18,8,4.7,227,881,1830,267,,241
2018-08-06T00:00:00Z,20,8,4.9,0,1220,1867.5,308,3204,276
2018-08-06T00:00:00Z,22,7.9,4.9,0,1550,2159.5,355.5,2265,321
2018-08-22T00:00:00Z,0,,,0,0,625,24,1440,0
2018-08-22T00:00:00Z,4,,,0,0,620,25,1470,0
2018-09-04T00:00:00Z,0,9.1,5.6,0,0,587,25,1980,0
2018-09-04T00:00:00Z,4,9.1,5.7,0,0,599,28,2040,0
2018-09-04T00:00:00Z,8,9.1,5.7,0,16,565,24,,2
2018-09-04T00:00:00Z,10,8.4,5.4,95,174,813,35,,10
2018-09-04T00:00:00Z,12,8.1,5.5,49,636,1320,148,,126
2018-09-04T00:00:00Z,14,8.1,5.5,0,692,1380,175,,159
2018-09-04T00:00:00Z,16,8,5.4,0,997,1680,261,,232
2018-09-04T00:00:00Z,18,8,5.5,0,1260,1890,298,,273
2018-09-04T00:00:00Z,20,8,5.5,0,1760,2440,384,4930,357
2018-09-04T00:00:00Z,22,7.9,5.6,0,2000,2690,420,,389
2018-09-19T00:00:00Z,0,,,0,0,713,24,2410,0
2018-09-19T00:00:00Z,4,,,0,0,687,34,2340,0
2018-10-02T00:00:00Z,0,8.9,4.8,0,103,793,43,2890,7
2018-10-02T00:00:00Z,4,8.9,4.7,0,92,710,41,2550,6
2018-10-02T00:00:00Z,8,8.9,4.8,,,,,,
2018-10-02T00:00:00Z,20,7.9,4.9,0,2110,2720,436,5060,467
2018-10-18T00:00:00Z,0,,,95,264,937,81,3240,34
2018-10-18T00:00:00Z,4,,,97,242,973,83,3250,33
2018-10-29T00:00:00Z,0,8.4,4.8,107,457,1203.5,121.5,2593.5,102
2018-10-29T00:00:00Z,4,8.4,4.8,118,448,1183,118,2580.5,98
2018-10-29T00:00:00Z,8,8.4,4.7,,,,,,
2018-10-29T00:00:00Z,20,8.3,4.7,110,457,1138,118,2346.5,90
2018-11-14T00:00:00Z,0,,,240,530,1340,126,3880,89
2018-11-14T00:00:00Z,4,,,227,511,1320,130,4030,106
2018-11-30T00:00:00Z,0,8.6,2.7,344,495,1410,132,4050,108
2018-11-30T00:00:00Z,4,8.5,4.2,368,496,1400,129,4230,110
2018-11-30T00:00:00Z,8,8.5,5.6,,,,,,
2018-11-30T00:00:00Z,20,8.5,2.6,349,486,1400,132,3970,110
